Name,Day,Time,End Time,District,Location,Formatted Address,Regions,Types,Notes,Conference URL,Coordinates,Slug,Updated
5th Dimension Young People's Group of AA,Sunday,6:30 PM,7:30 PM,District 25,Zoom,"Seattle, WA, USA",Seattle,"Discussion, Open",Zoom ID: 687118144  No Passcode,https://us04web.zoom.us/j/687118144,"47.73528,-122.21982,47.48215,-122.45977",5th-dimension-young-peoples-group-of-aa,2/23/2026
5th Dimension Young People's Group of AA,Monday,6:30 PM,7:30 PM,District 25,Zoom,"Seattle, WA, USA",Seattle,"Discussion, Open",Zoom ID: 687118144  No Passcode,https://us04web.zoom.us/j/687118144,"47.73528,-122.21982,47.48215,-122.45977",5th-dimension-young-peoples-group-of-aa-1,2/23/2026
5th Dimension Young People's Group of AA,Tuesday,6:30 PM,7:30 PM,District 25,Zoom,"Seattle, WA, USA",Seattle,"Discussion, Open",Zoom ID: 687118144  No Passcode,https://us04web.zoom.us/j/687118144,"47.73528,-122.21982,47.48215,-122.45978",5th-dimension-young-peoples-group-of-aa-2,2/23/2026
5th Dimension Young People's Group of AA,Wednesday,6:30 PM,7:30 PM,District 25,Zoom,"Seattle, WA, USA",Seattle,"Discussion, Open",Zoom ID: 687118144  No Passcode,https://us04web.zoom.us/j/687118144,"47.73528,-122.21982,47.48215,-122.45979",5th-dimension-young-peoples-group-of-aa-3,2/23/2026
5th Dimension Young People's Group of AA,Thursday,6:30 PM,7:30 PM,District 25,Zoom,"Seattle, WA, USA",Seattle,"Discussion, Open",Zoom ID: 687118144  No Passcode,https://us04web.zoom.us/j/687118144,"47.73528,-122.21982,47.48215,-122.45980",5th-dimension-young-peoples-group-of-aa-4,2/23/2026
5th Dimension Young People's Group of AA,Friday,6:30 PM,7:30 PM,District 25,Zoom,"Seattle, WA, USA",Seattle,"Discussion, Open",Zoom ID: 687118144  No Passcode,https://us04web.zoom.us/j/687118144,"47.73528,-122.21982,47.48215,-122.45981",5th-dimension-young-peoples-group-of-aa-5,2/23/2026
5th Dimension Young People's Group of AA,Saturday,6:30 PM,7:30 PM,District 25,Zoom,"Seattle, WA, USA",Seattle,"Discussion, Open",Zoom ID: 687118144  No Passcode,https://us04web.zoom.us/j/687118144,"47.73528,-122.21982,47.48215,-122.45982",5th-dimension-young-peoples-group-of-aa-6,2/23/2026
530 2 Freedom,Sunday,4:30 PM,5:30 PM,District 25,Zoom,"Seattle, WA, USA",Seattle,"Discussion, Open","Zoom ID: 6093776070, Passcode: Daat2020",https://us04web.zoom.us/j/6093776070,"47.73417,-122.22443,47.49191,-122.4597",530-2-freedom-1,2/20/2026
530 2 Freedom,Monday,4:30 PM,5:30 PM,District 25,Zoom,"Seattle, WA, USA",Seattle,Speaker,"Zoom ID: 6093776070, Passcode: Daat2020",https://us04web.zoom.us/j/6093776070,"39.91425,-104.6003,39.61443,-105.10993",530-2-freedom-2,1/25/2024
530 2 Freedom,Tuesday,4:30 PM,5:30 PM,District 25,Zoom,"Seattle, WA, USA",Seattle,"Discussion, Open","Zoom ID: 6093776070, Passcode: Daat2020",https://us04web.zoom.us/j/6093776070,"39.91425,-104.6003,39.61443,-105.10993",530-2-freedom-3,2/20/2026
530 2 Freedom,Wednesday,4:30 PM,5:30 PM,District 25,Zoom,"Seattle, WA, USA",Seattle,"Discussion, Open","Zoom ID: 6093776070, Passcode: Daat2020",https://us04web.zoom.us/j/6093776070,"39.91425,-104.6003,39.61443,-105.10993",530-2-freedom-4,1/25/2024
530 2 Freedom,Thursday,4:30 PM,5:30 PM,District 25,Zoom,"Seattle, WA, USA",Seattle,"Discussion, Open","Zoom ID: 6093776070, Passcode: Daat2020",https://us04web.zoom.us/j/6093776070,"39.91425,-104.6003,39.61443,-105.10993",530-2-freedom-5,2/23/2026
530 2 Freedom,Friday,4:30 PM,5:30 PM,District 25,Zoom,"Seattle, WA, USA",Seattle,"Discussion, Open","Zoom ID: 6093776070, Passcode: Daat2020",https://us04web.zoom.us/j/6093776070,"39.91425,-104.6003,39.61443,-105.10993",530-2-freedom-6,2/23/2026
AA Beginner's Path,Sunday,5:30 PM,6:30 PM,District 25,Zoom,"Seattle, WA, USA",Seattle,"Discussion, Open","Zoom ID: 892 0285 8342, Passcode: 329599",https://us04web.zoom.us/j/89202858342,,aa-beginners-path-1,1/14/2025
AA Beginner's Path,Monday,5:30 PM,6:30 PM,District 25,Zoom,"Seattle, WA, USA",Seattle,"Discussion, Open","Zoom ID: 892 0285 8342, Passcode: 329599",https://us04web.zoom.us/j/89202858342,,aa-beginners-path-2,8/17/2024
AA Beginner's Path,Tuesday,5:30 PM,6:30 PM,District 25,Zoom,"Seattle, WA, USA",Seattle,"Discussion, Open","Zoom ID: 892 0285 8342, Passcode: 329599",https://us04web.zoom.us/j/89202858342,,aa-beginners-path-3,2/23/2026
AA Beginner's Path,Wednesday,5:30 PM,6:30 PM,District 25,Zoom,"Seattle, WA, USA",Seattle,"Discussion, Open","Zoom ID: 892 0285 8342, Passcode: 329599",https://us04web.zoom.us/j/89202858342,,aa-beginners-path-4,8/17/2024
AA Beginner's Path,Thursday,5:30 PM,6:30 PM,District 25,Zoom,"Seattle, WA, USA",Seattle,"Discussion, Open","Zoom ID: 892 0285 8342, Passcode: 329599",https://us04web.zoom.us/j/89202858342,,aa-beginners-path-5,8/17/2024
AA Beginner's Path,Friday,5:30 PM,6:30 PM,District 25,Zoom,"Seattle, WA, USA",Seattle,"Discussion, Open","Zoom ID: 892 0285 8342, Passcode: 329599",https://us04web.zoom.us/j/89202858342,,aa-beginners-path-6,8/17/2024
AA Beginner's Path,Saturday,5:30 AM,6:30 PM,District 25,Zoom,"Seattle, WA, USA",Seattle,"Discussion, Open","Zoom ID: 892 0285 8342, Passcode: 329599",https://us04web.zoom.us/j/89202858342,,aa-beginners-path-7,2/23/2026
A.A. Meeting on-line,Sunday,4:30 AM,5:30 AM,District 25,Zoom,"Seattle, WA, USA",Seattle,"Closed, Discussion",Zoom ID: 834 2400 2655 Passcode: 868106,https://us04web.zoom.us/j/83424002655,"47.73417,-122.22443,47.49191,-122.4597",aa-meeting-on-line,2/23/2026
A.A. Meeting on-line,Sunday,9:00 AM,10:00 AM,District 25,Zoom,"Seattle, WA, USA",Seattle,"Closed, Discussion",Zoom ID: 896 2694 0542   Passcode: 872280,https://us04web.zoom.us/j/89626940542,"47.73417,-122.22443,47.49191,-122.4597",aa-meeting-on-line-2,5/20/2024
A.A. Meeting on-line,Sunday,7:00 PM,8:00 PM,District 25,Zoom,"Seattle, WA, USA",Seattle,Big Book,Zoom ID: 819 6495 8587 Passcode: 372658,https://us04web.zoom.us/j/81964958587,"47.73417,-122.22443,47.49191,-122.4597",aa-meeting-on-line-3,5/20/2024
A.A. Meeting on-line,Monday,4:30 AM,5:30 AM,District 25,Zoom,"Seattle, WA, USA",Seattle,"Closed, Discussion",Zoom ID: 834 2400 2655 Passcode: 868106,https://us04web.zoom.us/j/83424002655,"47.73417,-122.22443,47.49191,-122.4597",aa-meeting-on-line-4,5/20/2024
A.A. Meeting on-line,Monday,9:00 AM,10:00 AM,District 25,Zoom,"Seattle, WA, USA",Seattle,"Closed, Discussion",Zoom ID: 896 2694 0542   Passcode: 872280,https://us04web.zoom.us/j/89626940542,"47.73417,-122.22443,47.49191,-122.4597",aa-meeting-on-line-5,5/20/2024
A.A. Meeting on-line,Monday,3:00 PM,4:00 PM,District 25,Zoom,"Seattle, WA, USA",Seattle,Newcomer,Zoom ID: 880 8354 8845 Passcode: 442548,https://us04web.zoom.us/j/88083548845,"47.73417,-122.22443,47.49191,-122.4597",aa-meeting-on-line-6,5/20/2024
A.A. Meeting on-line,Monday,7:00 PM,8:00 PM,District 25,Zoom,"Seattle, WA, USA",Seattle,"Closed, Discussion",Zoom ID: 819 6495 8587 Passcode: 372658,https://us04web.zoom.us/j/81964958587,"47.73417,-122.22443,47.49191,-122.4597",aa-meeting-on-line-7,5/20/2024
A.A. Meeting on-line,Tuesday,4:30 AM,5:30 AM,District 25,Zoom,"Seattle, WA, USA",Seattle,"Closed, Discussion",Zoom ID: 834 2400 2655 Passcode: 868106,https://us04web.zoom.us/j/83424002655,"47.73417,-122.22443,47.49191,-122.4597",aa-meeting-on-line-8,5/20/2024
A.A. Meeting on-line,Tuesday,9:00 AM,10:00 AM,District 25,Zoom,"Seattle, WA, USA",Seattle,"Closed, Discussion",Zoom ID: 896 2694 0542   Passcode: 872280,https://us04web.zoom.us/j/89626940542,"47.73417,-122.22443,47.49191,-122.4597",aa-meeting-on-line-9,5/20/2024
A.A. Meeting on-line,Tuesday,7:00 PM,8:00 PM,District 25,Zoom,"Seattle, WA, USA",Seattle,"Closed, Discussion",Zoom ID: 819 6495 8587 Passcode: 372658,https://us04web.zoom.us/j/81964958587,"47.73417,-122.22443,47.49191,-122.4597",aa-meeting-on-line-10,5/20/2024
A.A. Meeting on-line,Wednesday,4:30 AM,5:30 AM,District 25,Zoom,"Seattle, WA, USA",Seattle,"Closed, Discussion",Zoom ID: 834 2400 2655 Passcode: 868106,https://us04web.zoom.us/j/83424002655,"47.73417,-122.22443,47.49191,-122.4597",aa-meeting-on-line-11,5/20/2024
A.A. Meeting on-line,Wednesday,9:00 AM,10:00 AM,District 25,Zoom,"Seattle, WA, USA",Seattle,"Closed, Discussion",Zoom ID: 896 2694 0542   Passcode: 872280,https://us04web.zoom.us/j/89626940542,"47.73417,-122.22443,47.49191,-122.4597",aa-meeting-on-line-12,5/20/2024
A.A. Meeting on-line,Wednesday,4:00 PM,4:00 PM,District 25,Zoom,"Seattle, WA, USA",Seattle,Big Book,Zoom ID: 899 9666 9552 Passcode: 542388,https://us04web.zoom.us/j/89996669552,"47.73417,-122.22443,47.49191,-122.4597",aa-meeting-on-line-13,5/20/2024
A.A. Meeting on-line,Wednesday,7:00 PM,8:00 PM,District 25,Zoom,"Seattle, WA, USA",Seattle,"Closed, Discussion",Zoom ID: 819 6495 8587 Passcode: 372658,https://us04web.zoom.us/j/81964958587,"47.73417,-122.22443,47.49191,-122.4597",aa-meeting-on-line-14,5/20/2024
A.A. Meeting on-line,Thursday,4:30 AM,5:30 AM,District 25,Zoom,"Seattle, WA, USA",Seattle,"Closed, Discussion",Zoom ID: 834 2400 2655 Passcode: 868106,https://us04web.zoom.us/j/83424002655,"47.73417,-122.22443,47.49191,-122.4597",aa-meeting-on-line-15,5/20/2024
A.A. Meeting on-line,Thursday,9:00 AM,10:00 AM,District 25,Zoom,"Seattle, WA, USA",Seattle,"Closed, Discussion",Zoom ID: 896 2694 0542   Passcode: 872280,https://us04web.zoom.us/j/89626940542,"47.73417,-122.22443,47.49191,-122.4597",aa-meeting-on-line-16,5/20/2024
A.A. Meeting on-line,Thursday,4:00 PM,4:00 PM,District 25,Zoom,"Seattle, WA, USA",Seattle,12 Steps & 12 Traditions,Zoom ID: 827 2566 0551 Passcode: 267453,https://us04web.zoom.us/j/82725660551,"47.73417,-122.22443,47.49191,-122.4597",aa-meeting-on-line-17,5/20/2024
A.A. Meeting on-line,Thursday,7:00 PM,8:00 PM,District 25,Zoom,"Seattle, WA, USA",Seattle,"Closed, Discussion",Zoom ID: 819 6495 8587 Passcode: 372658,https://us04web.zoom.us/j/81964958587,"47.73417,-122.22443,47.49191,-122.4597",aa-meeting-on-line-18,5/20/2024
A.A. Meeting on-line,Friday,4:30 AM,5:30 AM,District 25,Zoom,"Seattle, WA, USA",Seattle,"Closed, Discussion",Zoom ID: 834 2400 2655 Passcode: 868106,https://us04web.zoom.us/j/83424002655,"47.73417,-122.22443,47.49191,-122.4597",aa-meeting-on-line-19,5/20/2024
A.A. Meeting on-line,Friday,9:00 AM,10:00 AM,District 25,Zoom,"Seattle, WA, USA",Seattle,"Closed, Discussion",Zoom ID: 896 2694 0542   Passcode: 872280,https://us04web.zoom.us/j/89626940542,"47.73417,-122.22443,47.49191,-122.4597",aa-meeting-on-line-20,5/20/2024
A.A. Meeting on-line,Friday,4:00 PM,4:00 PM,District 25,Zoom,"Seattle, WA, USA",Seattle,Living Sober,Zoom ID: 854 3156 6178 Passcode: 226722,https://us04web.zoom.us/j/85431566178,"47.73417,-122.22443,47.49191,-122.4597",aa-meeting-on-line-21,5/20/2024
A.A. Meeting on-line,Friday,7:00 PM,8:00 PM,District 25,Zoom,"Seattle, WA, USA",Seattle,"Closed, Discussion",Zoom ID: 819 6495 8587 Passcode: 372658,https://us04web.zoom.us/j/81964958587,"47.73417,-122.22443,47.49191,-122.4597",aa-meeting-on-line-22,5/20/2024
A.A. Meeting on-line,Saturday,4:30 AM,5:30 AM,District 25,Zoom,"Seattle, WA, USA",Seattle,"Closed, Discussion",Zoom ID: 834 2400 2655 Passcode: 868106,https://us04web.zoom.us/j/83424002655,"47.73417,-122.22443,47.49191,-122.4597",aa-meeting-on-line-23,5/20/2024
A.A. Meeting on-line,Saturday,9:00 AM,10:00 AM,District 25,Zoom,"Seattle, WA, USA",Seattle,"Closed, Discussion",Zoom ID: 896 2694 0542   Passcode: 872280,https://us04web.zoom.us/j/89626940542,"47.73417,-122.22443,47.49191,-122.4597",aa-meeting-on-line-24,5/20/2024
A.A. Meeting on-line,Saturday,7:00 PM,8:00 PM,District 25,Zoom,"Seattle, WA, USA",Seattle,"Closed, Discussion","Zoom ID: 819 6495 8587, Passcode: 372658",https://us04web.zoom.us/j/81964958587,"47.73417,-122.22443,47.49191,-122.4597",aa-meeting-on-line-25,1/26/2026
Agnostics in Progress,Tuesday,12:00 PM,1:00 PM,District 25,Zoom,"Bellevue, WA, USA",Bellevue,"Closed, Discussion","Zoom ID: 89222453746, Passcode: 109242",https://eastsideaa-org.zoom.us/j/89222453746?pwd=3s1RTX05h0emKbbKrOgZy1zQb6aI1D.1,"47.6607,-122.07933,47.53461,-122.22293",agnostics-in-progress,11/19/2025
Any-Lengths,Sunday,12:00 PM,1:00 PM,District 25,Zoom,"Seattle, WA, USA",Seattle,"Closed, Discussion",Zoom ID: 166876977,https://us02web.zoom.us/j/642157545?pwd=dEtjclQyVko4MGJueVpCTHNZQnB6QT09,"47.73417,-122.22443,47.49191,-122.4597",any-lengths-1,11/19/2025
Any-Lengths,Monday,12:00 PM,1:00 PM,District 25,Zoom,"Seattle, WA, USA",Seattle,"Closed, Daily Reflections",Zoom ID: 166876977,https://us02web.zoom.us/j/642157545?pwd=dEtjclQyVko4MGJueVpCTHNZQnB6QT09,"47.73417,-122.22443,47.49191,-122.4597",any-lengths-2,11/19/2025
Any-Lengths,Tuesday,12:00 PM,1:00 PM,District 25,Zoom,"Seattle, WA, USA",Seattle,"As Bill Sees It, Closed",Zoom ID: 166876977,https://us02web.zoom.us/j/642157545?pwd=dEtjclQyVko4MGJueVpCTHNZQnB6QT09,"47.73417,-122.22443,47.49191,-122.4597",any-lengths-3,1/26/2026
Any-Lengths,Wednesday,12:00 PM,1:00 PM,District 25,Zoom,"Seattle, WA, USA",Seattle,"Closed, Discussion",Zoom ID: 166876977,https://us02web.zoom.us/j/642157545?pwd=dEtjclQyVko4MGJueVpCTHNZQnB6QT09,"47.73417,-122.22443,47.49191,-122.4597",any-lengths-4,11/19/2025
Any-Lengths,Thursday,12:00 PM,1:00 PM,District 25,Zoom,"Seattle, WA, USA",Seattle,"Closed, Discussion",Zoom ID: 166876977,https://us02web.zoom.us/j/642157545?pwd=dEtjclQyVko4MGJueVpCTHNZQnB6QT09,"47.73417,-122.22443,47.49191,-122.4597",any-lengths-5,11/19/2025
Any-Lengths,Friday,12:00 PM,1:00 PM,District 25,Zoom,"Seattle, WA, USA",Seattle,"Closed, Discussion",Zoom ID: 166876977,https://us02web.zoom.us/j/642157545?pwd=dEtjclQyVko4MGJueVpCTHNZQnB6QT09,"47.73417,-122.22443,47.49191,-122.4597",any-lengths-6,11/19/2025
Any-Lengths,Saturday,12:00 PM,1:00 PM,District 25,Zoom,"Seattle, WA, USA",Seattle,"Closed, Speaker",Zoom ID: 166876977,https://us02web.zoom.us/j/642157545?pwd=dEtjclQyVko4MGJueVpCTHNZQnB6QT09,"47.73417,-122.22443,47.49191,-122.4597",any-lengths-7,1/26/2026
AA Breakfast Club Online,Sunday,8:00 AM,1:00 PM,District 25,Zoom,"Seattle, WA, USA",Seattle,Open,"Zoom ID:223055650, Passcode:  SEATAC",https://us04web.zoom.us/j/223055650,"47.73417,-122.22443,47.49191,-122.4597",aa-breakfast-club-online-11,5/23/2024
AA Breakfast Club Online,Monday,8:00 AM,9:00 AM,District 25,Zoom,"Seattle, WA, USA",Seattle,Open,"Zoom ID:223055650, Passcode:  SEATAC",https://us04web.zoom.us/j/223055650,,aa-breakfast-club-online-22,1/20/2024
AA Breakfast Club Online,Tuesday,8:00 AM,9:30 AM,District 25,Zoom,"Seattle, WA, USA",Seattle,Open,"Zoom ID:223055650, Passcode:  SEATAC",https://us04web.zoom.us/j/223055650,,aa-breakfast-club-online-33,1/20/2024
AA Breakfast Club Online,Wednesday,8:00 AM,9:30 AM,District 25,Zoom,"Seattle, WA, USA",Seattle,Open,"Zoom ID:223055650, Passcode:  SEATAC",https://us04web.zoom.us/j/223055650,,aa-breakfast-club-online-44,1/20/2024
AA Breakfast Club Online,Thursday,8:00 AM,9:30 AM,District 25,Zoom,"Seattle, WA, USA",Seattle,Open,"Zoom ID:223055650, Passcode:  SEATAC",https://us04web.zoom.us/j/223055650,,aa-breakfast-club-online-55,1/20/2024
AA Breakfast Club Online,Friday,8:00 AM,9:30 AM,District 25,Zoom,"Seattle, WA, USA",Seattle,Open,"Zoom ID:223055650, Passcode:  SEATAC",https://us04web.zoom.us/j/223055650,,aa-breakfast-club-online-66,1/20/2024
AA Breakfast Club Online,Saturday,8:00 AM,9:30 AM,District 25,Zoom,"Seattle, WA, USA",Seattle,Open,"Zoom ID:223055650, Passcode:  SEATAC",https://us04web.zoom.us/j/223055650,,aa-breakfast-club-online-77,6/16/2024
AM Rush on Line,Sunday,7:00 AM,8:00 AM,District 25,Zoom,"Seattle, WA, USA",Seattle,Open,Zoom ID: 88540295437. Passcode: 787878,https://us04web.zoom.us/j/88540295437,,am-rush-on-line-1,3/16/2024
AM Rush on Line,Monday,7:00 AM,8:00 AM,District 25,Zoom,"Seattle, WA, USA",Seattle,Open,Zoom ID: 88540295437. Passcode: 787878,https://us04web.zoom.us/j/88540295437,,am-rush-on-line-2,3/16/2024
AM Rush on Line,Tuesday,7:00 AM,8:00 AM,District 25,Zoom,"Seattle, WA, USA",Seattle,Open,Zoom ID: 88540295437. Passcode: 787878,https://us04web.zoom.us/j/88540295437,,am-rush-on-line-3,3/16/2024
AM Rush on Line,Wednesday,7:00 AM,8:00 AM,District 25,Zoom,"Seattle, WA, USA",Seattle,Open,Zoom ID: 88540295437. Passcode: 787878,https://us04web.zoom.us/j/88540295437,,am-rush-on-line-4,3/16/2024
AM Rush on Line,Thursday,7:00 AM,8:00 AM,District 25,Zoom,"Seattle, WA, USA",Seattle,Open,Zoom ID: 88540295437. Passcode: 787878,https://us04web.zoom.us/j/88540295437,,am-rush-on-line-5,3/16/2024
AM Rush on Line,Friday,7:00 AM,8:00 AM,District 25,Zoom,"Seattle, WA, USA",Seattle,Open,Zoom ID: 88540295437. Passcode: 787878,https://us04web.zoom.us/j/88540295437,,am-rush-on-line-6,3/16/2024
AM Rush on Line,Saturday,7:00 AM,8:00 AM,District 25,Zoom,"Seattle, WA, USA",Seattle,Open,Zoom ID: 88540295437. Passcode: 787878,https://us04web.zoom.us/j/88540295437,,am-rush-on-line-7,7/20/2024
A.A. Simplicity Zoom,Sunday,10:00 AM,11:00 AM,District 25,Zoom,"Seattle, WA, USA",Seattle,Daily Reflections,"Zoom ID: 528344085, Passcode:  11121934",https://zoom.us/j/528344085,,aa-simplicity-zoom-1,7/20/2024
A.A. Simplicity Zoom,Tuesday,10:00 AM,11:00 AM,District 25,Zoom,"Seattle, WA, USA",Seattle,Daily Reflections,"Zoom ID: 528344085, Passcode:  11121934",https://zoom.us/j/528344085,,aa-simplicity-zoom-2,7/20/2024
A.A. Simplicity Zoom,Wednesday,10:00 AM,11:00 AM,District 25,Zoom,"Seattle, WA, USA",Seattle,Daily Reflections,"Zoom ID: 528344085, Passcode:  11121934",https://zoom.us/j/528344085,,aa-simplicity-zoom-3,7/20/2024
A.A. Simplicity Zoom,Thursday,10:00 AM,11:00 AM,District 25,Zoom,"Seattle, WA, USA",Seattle,Daily Reflections,"Zoom ID: 528344085, Passcode:  11121934",https://zoom.us/j/528344085,,aa-simplicity-zoom-4,7/20/2024
A.A. Simplicity Zoom,Friday,10:00 AM,11:00 AM,District 25,Zoom,"Seattle, WA, USA",Seattle,"Daily Reflections, Speaker","Zoom ID: 528344085, Passcode:  11121934",https://zoom.us/j/528344085,,aa-simplicity-zoom-5,7/20/2024
Auburn Awake,Sunday,8:00 AM,9:00 AM,District 25,Zoom,"Seattle, WA, USA",Seattle,Open,Zoom ID: 785 276 2407. No Passcode,,"47.73528,-122.21982,47.48215,-122.45977",auburn-awake-1,2/21/2025
A Vision For You,Tuesday,5:30 PM,6:30 PM,District 25,Zoom,"Seattle, WA, USA",Seattle,Women,Zoom ID: 85032857271; Passcode: 449743,https://us04web.zoom.us/j/85032857271,,a-vision-for-you,5/16/2024
Back Porch International,Sunday,9:00 AM,10:00 AM,District 25,Zoom,"Seattle, WA, USA",Seattle,Open,Contact us at backporchint@gmail.com to request the Zoom meeting ID (aa-bpi.org),https://us04web.zoom.us/j/301333449,"47.73417,-122.22443,47.49191,-122.4597",back-porch-international-1,1/13/2024
Back Porch International,Monday,9:00 AM,10:00 AM,District 25,Zoom,"Seattle, WA, USA",Seattle,Open,Contact us at backporchint@gmail.com to request the Zoom meeting ID (aa-bpi.org),https://us04web.zoom.us/j/301333449,"47.73417,-122.22443,47.49191,-122.4597",back-porch-international-2,1/13/2024
Back Porch International,Tuesday,9:00 AM,10:00 AM,District 25,Zoom,"Seattle, WA, USA",Seattle,Open,Contact us at backporchint@gmail.com to request the Zoom meeting ID (aa-bpi.org),https://us04web.zoom.us/j/301333449,"47.73417,-122.22443,47.49191,-122.4597",back-porch-international-3,1/13/2024
Back Porch International,Wednesday,9:00 AM,10:00 AM,District 25,Zoom,"Seattle, WA, USA",Seattle,Open,Contact us at backporchint@gmail.com to request the Zoom meeting ID (aa-bpi.org),https://us04web.zoom.us/j/301333449,"47.73417,-122.22443,47.49191,-122.4597",back-porch-international-4,1/13/2024
Back Porch International,Thursday,9:00 AM,10:00 AM,District 25,Zoom,"Seattle, WA, USA",Seattle,Open,Contact us at backporchint@gmail.com to request the Zoom meeting ID (aa-bpi.org),https://us04web.zoom.us/j/301333449,"47.73417,-122.22443,47.49191,-122.4597",back-porch-international-5,1/13/2024
Back Porch International,Friday,9:00 AM,10:00 AM,District 25,Zoom,"Seattle, WA, USA",Seattle,Open,Contact us at backporchint@gmail.com to request the Zoom meeting ID (aa-bpi.org),https://us04web.zoom.us/j/301333449,"47.73417,-122.22443,47.49191,-122.4597",back-porch-international-6,1/13/2024
Back Porch International,Saturday,9:00 AM,10:00 AM,District 25,Zoom,"Seattle, WA, USA",Seattle,Open,Contact us at backporchint@gmail.com to request the Zoom meeting ID (aa-bpi.org),https://us04web.zoom.us/j/301333449,"47.73417,-122.22443,47.49191,-122.4597",back-porch-international-7,1/13/2024
Carrying the Message,Monday,7:00 AM,8:30 AM,District 25,Zoom,"Bremerton, WA, USA",Bremerton,Open,"Zoom ID: 84787016016, Passcode: Kitsap",https://zoom.us/j/84787016016,"47.6069,-122.60216,47.50173,-122.80458",carrying-the-message-2,1/11/2024
Carrying the Message,Tuesday,7:00 AM,8:30 AM,District 25,Zoom,"Bremerton, WA, USA",Bremerton,Open,"Zoom ID: 898 2404 2416, Passcode: Kitsap",https://zoom.us/j/84787016016,"47.6069,-122.60216,47.50173,-122.80458",carrying-the-message-3,2/2/2024
Carrying the Message,Wednesday,7:00 AM,8:30 AM,District 25,Zoom,"Bremerton, WA, USA",Bremerton,Open,"Zoom ID: 84787016016, Passcode: Kitsap",https://zoom.us/j/84787016016,"47.6069,-122.60216,47.50173,-122.80458",carrying-the-message-4,1/11/2024
Carrying the Message,Thursday,7:00 AM,8:30 AM,District 25,Zoom,"Bremerton, WA, USA",Bremerton,Open,"Zoom ID: 84787016016, Passcode: Kitsap",https://zoom.us/j/84787016016,"47.6069,-122.60216,47.50173,-122.80458",carrying-the-message-5,1/11/2024
Carrying the Message,Friday,7:00 AM,8:30 AM,District 25,Zoom,"Bremerton, WA, USA",Bremerton,Open,"Zoom ID: 84787016016, Passcode: Kitsap",https://zoom.us/j/84787016016,"47.6069,-122.60216,47.50173,-122.80458",carrying-the-message-6,1/11/2024
Carrying the Message,Saturday,7:00 AM,8:30 AM,District 25,Zoom,"Bremerton, WA, USA",Bremerton,Open,"Zoom ID: 84787016016, Passcode: Kitsap",https://zoom.us/j/84787016016,"47.6069,-122.60216,47.50173,-122.80458",carrying-the-message-7,1/11/2024
Carrying the Message,Thursday,7:00 PM,10:00 PM,District 25,Zoom,"Bremerton, WA, USA",Bremerton,Open,"Zoom ID: 82603883690, Passcode: Kitsap",https://zoom.us/j/82603883690,"47.6069,-122.60216,47.50173,-122.80458",carrying-the-message-10,12/21/2025
Carrying the Message,Saturday,9:00 PM,10:00 PM,District 25,Zoom,"Bremerton, WA, USA",Bremerton,Open,"Zoom ID: 82603883690, Passcode: Kitsap",https://zoom.us/j/82603883690,"47.6069,-122.60216,47.50173,-122.80458",carrying-the-message-14,1/11/2024
Daily Fellowship,Sunday,8:00 PM,9:00 PM,District 25,Zoom,"Seattle, WA, USA",Seattle,Open,"Zoom ID: 417258856, Passcode: 461771",https://zoom.us/j/417258856,,daily-fellowship-1,5/20/2024
Daily Fellowship,Monday,8:00 PM,9:00 PM,District 25,Zoom,"Seattle, WA, USA",Seattle,Open,"Zoom ID: 417258856, Passcode: 461771",https://zoom.us/j/417258856,,daily-fellowship-2,5/20/2024
Daily Fellowship,Tuesday,8:00 PM,9:00 PM,District 25,Zoom,"Seattle, WA, USA",Seattle,Open,"Zoom ID: 417258856, Passcode: 461771",https://zoom.us/j/417258856,,daily-fellowship-3,5/20/2024
Daily Fellowship,Wednesday,8:00 PM,9:00 PM,District 25,Zoom,"Seattle, WA, USA",Seattle,Open,"Zoom ID: 417258856, Passcode: 461771",https://zoom.us/j/417258856,,daily-fellowship-4,5/20/2024
Daily Fellowship,Thursday,8:00 PM,9:00 PM,District 25,Zoom,"Seattle, WA, USA",Seattle,Open,"Zoom ID: 417258856, Passcode: 461771",https://zoom.us/j/417258856,,daily-fellowship-5,5/20/2024
Daily Fellowship,Friday,8:00 PM,9:00 PM,District 25,Zoom,"Seattle, WA, USA",Seattle,Open,"Zoom ID: 417258856, Passcode: 461771",https://zoom.us/j/417258856,,daily-fellowship-6,5/20/2024
Daily Fellowship,Saturday,8:00 PM,9:00 PM,District 25,Zoom,"Seattle, WA, USA",Seattle,Open,"Zoom ID: 417258856, Passcode: 461771",https://zoom.us/j/417258856,,daily-fellowship-7,5/20/2024
Delray Beach Nooners,Sunday,9:00 AM,10:00 AM,District 25,Zoom,"Delray Beach, FL, USA",Delray Beach,"Discussion, Speaker","Zoom ID: 6423303499, Passcode: 537251",https://zoom.us/j/6423303499,"26.49152,-80.0557,26.42055,-80.12865",delray-beach-nooners,1/25/2024
Delray Beach Nooners,Monday,9:00 AM,10:00 AM,District 25,Zoom,"Delray Beach, FL, USA",Delray Beach,Newcomer,"Zoom ID: 6423303499, Passcode: 537251",https://zoom.us/j/6423303499,"26.49152,-80.0557,26.42055,-80.12865",delray-beach-nooners-2,1/25/2024
Delray Beach Nooners,Tuesday,9:00 AM,10:00 AM,District 25,Zoom,"Delray Beach, FL, USA",Delray Beach,"Discussion, Speaker","Zoom ID: 6423303499, Passcode: 537251",https://zoom.us/j/6423303499,"26.49152,-80.0557,26.42055,-80.12865",delray-beach-nooners-3,1/25/2024
Delray Beach Nooners,Wednesday,9:00 AM,10:00 AM,District 25,Zoom,"Delray Beach, FL, USA",Delray Beach,As Bill Sees It,"Zoom ID: 6423303499, Passcode: 537251",https://zoom.us/j/6423303499,"26.49152,-80.0557,26.42055,-80.12865",delray-beach-nooners-4,1/25/2024
Delray Beach Nooners,Thursday,9:00 AM,10:00 AM,District 25,Zoom,"Delray Beach, FL, USA",Delray Beach,Big Book,"Zoom ID: 6423303499, Passcode: 537251",https://zoom.us/j/6423303499,"26.49152,-80.0557,26.42055,-80.12865",delray-beach-nooners-5,1/25/2024
Delray Beach Nooners,Friday,9:00 AM,10:00 AM,District 25,Zoom,"Delray Beach, FL, USA",Delray Beach,12 Steps & 12 Traditions,"Zoom ID: 6423303499, Passcode: 537251",https://zoom.us/j/6423303499,"26.49152,-80.0557,26.42055,-80.12865",delray-beach-nooners-6,1/25/2024
Delray Beach Nooners,Saturday,9:00 AM,10:00 AM,District 25,Zoom,"Delray Beach, FL, USA",Delray Beach,"Discussion, Speaker","Zoom ID: 6423303499, Passcode: 537251",https://zoom.us/j/6423303499,"26.49152,-80.0557,26.42055,-80.12865",delray-beach-nooners-7,1/25/2024
Digital Dawn Patrol,Monday,6:30 AM,7:30 AM,District 25,Zoom,"Seattle, WA, USA",Seattle,Open,"Zoom ID:  81746171414, Passcode: 376442",https://us02web.zoom.us/j/81746171414?pwd=a1pzN21vY25YMldFQVJWUURaVXdEdz09,"47.73417,-122.22443,47.49191,-122.4597",digital-dawn-patrol-1,6/12/2024
Digital Dawn Patrol,Tuesday,6:30 AM,7:30 AM,District 25,Zoom,"Seattle, WA, USA",Seattle,Open,"Zoom ID:  81746171414, Passcode: 376442",https://us02web.zoom.us/j/81746171414?pwd=a1pzN21vY25YMldFQVJWUURaVXdEdz09,"47.73417,-122.22443,47.49191,-122.4597",digital-dawn-patrol-2,1/11/2024
Digital Dawn Patrol,Wednesday,6:30 AM,7:30 AM,District 25,Zoom,"Seattle, WA, USA",Seattle,Open,"Zoom ID:  81746171414, Passcode: 376442",https://us02web.zoom.us/j/81746171414?pwd=a1pzN21vY25YMldFQVJWUURaVXdEdz09,"47.73417,-122.22443,47.49191,-122.4597",digital-dawn-patrol-3,1/11/2024
Digital Dawn Patrol,Thursday,6:30 AM,7:30 AM,District 25,Zoom,"Seattle, WA, USA",Seattle,Open,"Zoom ID:  81746171414, Passcode: 376442",https://us02web.zoom.us/j/81746171414?pwd=a1pzN21vY25YMldFQVJWUURaVXdEdz09,"47.73417,-122.22443,47.49191,-122.4597",digital-dawn-patrol-4,1/11/2024
Digital Dawn Patrol,Friday,6:30 AM,7:30 AM,District 25,Zoom,"Seattle, WA, USA",Seattle,Open,"Zoom ID:  81746171414, Passcode: 376442",https://us02web.zoom.us/j/81746171414?pwd=a1pzN21vY25YMldFQVJWUURaVXdEdz09,"47.73417,-122.22443,47.49191,-122.4597",digital-dawn-patrol-5,1/11/2024
Digital Dawn Patrol,Saturday,7:00 AM,8:00 AM,District 25,Zoom,"Seattle, WA, USA",Seattle,Open,"Zoom ID:  81746171414, Passcode: 376442",https://us02web.zoom.us/j/81746171414?pwd=a1pzN21vY25YMldFQVJWUURaVXdEdz09,"47.73417,-122.22443,47.49191,-122.4597",digital-dawn-patrol-6,1/11/2024
"Experience, Strength and Hope (ESH)",Sunday,12:00 PM,1:00 PM,District 25,Zoom,"Port Orchard, WA, USA",Port Orchard,Speaker,Meeting ID: 802 763 1303; PC: serenity; Requirement for sharing is 24 hours of sobriety,https://us02web.zoom.us/j/8027631303?pwd=ZzE4b3VwL2xZRWxoZGVOcG5xVDM2UT09,"47.54842,-122.60204,47.48044,-122.71961",dist25-esh-1,11/19/2025
"Experience, Strength and Hope (ESH)",Monday,12:00 PM,1:00 PM,District 25,Zoom,"Port Orchard, WA, USA",Port Orchard,"Discussion, English, Open",Meeting ID: 802 763 1303; PC: serenity; Requirement for sharing is 24 hours of sobriety,https://us02web.zoom.us/j/8027631303?pwd=ZzE4b3VwL2xZRWxoZGVOcG5xVDM2UT09,"47.54842,-122.60204,47.48044,-122.71961",dist25-esh-2,12/29/2023
"Experience, Strength and Hope (ESH)",Tuesday,12:00 PM,1:00 PM,District 25,Zoom,"Port Orchard, WA, USA",Port Orchard,"English, Open, Discussion",Meeting ID: 802 763 1303; PC: serenity; Requirement for sharing is 24 hours of sobriety,https://us02web.zoom.us/j/8027631303?pwd=ZzE4b3VwL2xZRWxoZGVOcG5xVDM2UT09,"47.54842,-122.60204,47.48044,-122.71961",dist25-esh-3,12/21/2023
"Experience, Strength and Hope (ESH)",Wednesday,12:00 PM,1:00 PM,District 25,Zoom,"Port Orchard, WA, USA",Port Orchard,"English, Open, Discussion",Meeting ID: 802 763 1303; PC: serenity; Requirement for sharing is 24 hours of sobriety,https://us02web.zoom.us/j/8027631303?pwd=ZzE4b3VwL2xZRWxoZGVOcG5xVDM2UT09,"47.54842,-122.60204,47.48044,-122.71961",dist25-esh-4,11/23/2025
"Experience, Strength and Hope (ESH)",Thursday,12:00 PM,1:00 PM,District 25,Zoom,"Port Orchard, WA, USA",Port Orchard,"English, Open, Discussion",Meeting ID: 802 763 1303; PC: serenity; Requirement for sharing is 24 hours of sobriety,https://us02web.zoom.us/j/8027631303?pwd=ZzE4b3VwL2xZRWxoZGVOcG5xVDM2UT09,"47.54842,-122.60204,47.48044,-122.71961",dist25-esh-5,12/21/2023
"Experience, Strength and Hope (ESH)",Friday,12:00 PM,1:00 PM,District 25,Zoom,"Port Orchard, WA, USA",Port Orchard,"English, Open, Discussion",Meeting ID: 802 763 1303; PC: serenity; Requirement for sharing is 24 hours of sobriety,https://us02web.zoom.us/j/8027631303?pwd=ZzE4b3VwL2xZRWxoZGVOcG5xVDM2UT09,"47.54842,-122.60204,47.48044,-122.71961",dist25-esh-6,12/21/2023
"Experience, Strength and Hope (ESH)",Saturday,12:00 PM,1:00 PM,District 25,Zoom,"Port Orchard, WA, USA",Port Orchard,"Discussion, English, Open",Meeting ID: 802 763 1303; PC: serenity; Requirement for sharing is 24 hours of sobriety,https://us02web.zoom.us/j/8027631303?pwd=ZzE4b3VwL2xZRWxoZGVOcG5xVDM2UT09,"47.54842,-122.60204,47.48044,-122.71961",dist25-esh-7,1/5/2024
Finally Free,Monday,7:00 PM,8:00 PM,District 25,Go to Meeting,"Federal Way, WA, USA",Federal Way,Daily Reflections,"Finally Free - GoTo Meeting, 476702597",https://global.gotomeeting.com/join/476702597,"47.35796,-122.2733,47.25782,-122.41763",finally-free,11/19/2025
Freedom In Recovery,Wednesday,7:00 PM,8:00 PM,District 25,Zoom,"Seattle, WA, USA",Seattle,Open,"Zoom ID: 86314497358, PC: FFB 544 Women's",https://zoom.us/j/86314497358,,freedom-in-recovery1,1/1/2026
Fremont Home Group Zoom,Sunday,8:00 PM,9:00 PM,District 25,Zoom,"Seattle, WA, USA",Seattle,Open,zoom id 84398152400 pw 535725,https://zoom.us/j/84398152400,,fremont-home-group-zoom-1,11/15/2024
Fremont Home Group Zoom,Monday,8:00 PM,9:00 PM,District 25,Zoom,"Seattle, WA, USA",Seattle,Open,zoom id 84398152400 pw 535725,https://zoom.us/j/84398152400,,fremont-home-group-zoom-2,1/29/2024
Fremont Home Group Zoom,Tuesday,8:00 PM,9:00 PM,District 25,Zoom,"Seattle, WA, USA",Seattle,Open,zoom id 84398152400 pw 535725,https://zoom.us/j/84398152400,,fremont-home-group-zoom-3,1/29/2024
Fremont Home Group Zoom,Wednesday,8:00 PM,9:00 PM,District 25,Zoom,"Seattle, WA, USA",Seattle,Open,zoom id 84398152400 pw 535725,https://zoom.us/j/84398152400,,fremont-home-group-zoom-4,1/29/2024
Fremont Home Group Zoom,Thursday,8:00 PM,9:00 PM,District 25,Zoom,"Seattle, WA, USA",Seattle,Open,zoom id 84398152400 pw 535725,https://zoom.us/j/84398152400,,fremont-home-group-zoom-5,1/29/2024
Fremont Home Group Zoom,Friday,8:00 PM,9:00 PM,District 25,Zoom,"Seattle, WA, USA",Seattle,Open,zoom id 84398152400 pw 535725,https://zoom.us/j/84398152400,,fremont-home-group-zoom-6,1/29/2024
Fremont Home Group Zoom,Saturday,8:00 PM,9:00 PM,District 25,Zoom,"Seattle, WA, USA",Seattle,Open,zoom id 84398152400 pw 535725,https://zoom.us/j/84398152400,,fremont-home-group-zoom-7,1/29/2024
Fremont Hooters Group Zoom,Sunday,12:00 AM,1:00 AM,District 25,Zoom,"Seattle, WA, USA",Seattle,Open,zoom id 84398152400 pw 535725,https://zoom.us/j/84398152400,,fremont-home-group-zoom-8,2/17/2024
Fremont Hooters Group Zoom,Monday,12:00 AM,1:00 AM,District 25,Zoom,"Seattle, WA, USA",Seattle,Open,zoom id 84398152400 pw 535725,https://zoom.us/j/84398152400,,fremont-home-group-zoom-9,1/29/2024
Fremont Hooters Group Zoom,Tuesday,12:00 AM,1:00 AM,District 25,Zoom,"Seattle, WA, USA",Seattle,Open,zoom id 84398152400 pw 535725,https://zoom.us/j/84398152400,,fremont-home-group-zoom-10,1/29/2024
Fremont Hooters Group Zoom,Wednesday,12:00 AM,1:00 AM,District 25,Zoom,"Seattle, WA, USA",Seattle,Open,zoom id 84398152400 pw 535725,https://zoom.us/j/84398152400,,fremont-home-group-zoom-11,1/29/2024
Fremont Hooters Group Zoom,Thursday,12:00 AM,1:00 AM,District 25,Zoom,"Seattle, WA, USA",Seattle,Open,zoom id 84398152400 pw 535725,https://zoom.us/j/84398152400,,fremont-home-group-zoom-12,1/29/2024
Fremont Hooters Group Zoom,Friday,12:00 AM,1:00 AM,District 25,Zoom,"Seattle, WA, USA",Seattle,Open,zoom id 84398152400 pw 535725,https://zoom.us/j/84398152400,,fremont-home-group-zoom-13,1/29/2024
Fremont Hooters Group Zoom,Saturday,12:00 AM,1:00 AM,District 25,Zoom,"Seattle, WA, USA",Seattle,Open,zoom id 84398152400 pw 535725,https://zoom.us/j/84398152400,,fremont-home-group-zoom-14,8/14/2024
Global Serenity,Monday,7:30 AM,8:30 AM,District 25,Zoom,"Seattle, WA, USA",Seattle,Literature,zoom id 89380439739,https://zoom.us/j/89380439739,,global-serenity-1,10/9/2024
Global Serenity,Tuesday,7:30 AM,8:30 AM,District 25,Zoom,"Seattle, WA, USA",Seattle,Literature,zoom id 89380439739,https://zoom.us/j/89380439739,,global-serenity-2,8/14/2024
Global Serenity,Wednesday,7:30 AM,8:30 AM,District 25,Zoom,"Seattle, WA, USA",Seattle,Literature,zoom id 89380439739,https://zoom.us/j/89380439739,,global-serenity-3,8/14/2024
Global Serenity,Thursday,7:30 AM,8:30 AM,District 25,Zoom,"Seattle, WA, USA",Seattle,Literature,zoom id 89380439739,https://zoom.us/j/89380439739,,global-serenity-4,8/14/2024
Global Serenity,Friday,7:30 AM,8:30 AM,District 25,Zoom,"Seattle, WA, USA",Seattle,Literature,zoom id 89380439739,https://zoom.us/j/89380439739,,global-serenity-5,8/14/2024
Global Speakers Group,Sunday,4:30 AM,5:30 AM,District 25,Zoom,"Seattle, WA, USA",Seattle,"Discussion, Speaker",Zoom ID: 83711449943; passcode: 06101935,https://zoom.us/j/83711449943,,global-speakers-group,11/17/2024
Global Speakers Group,Monday,6:00 AM,7:00 AM,District 25,Zoom,"Seattle, WA, USA",Seattle,"Discussion, Literature, Women",Zoom ID: 83711449943; passcode: 06101935,https://zoom.us/j/83711449943,,global-speakers-group-2,2/15/2025
Global Speakers Group,Tuesday,5:00 AM,6:00 AM,District 25,Zoom,"Seattle, WA, USA",Seattle,"Discussion, Literature, Speaker",Zoom ID: 83711449943; passcode: 06101935,https://zoom.us/j/83711449943,,global-speakers-group-3,11/17/2024
Halfway Through Group,Thursday,4:00 PM,5:00 PM,District 25,Zoom,"Seattle, WA, USA",Seattle,"Open, Literature, Discussion",Zoom ID: 823 5635 9652 (no passcode),https://zoom.us/j/82356359652,"47.73417,-122.22443,47.49191,-122.4597",halfway-through-group,1/20/2024
Halfway Through Group,Saturday,6:00 AM,7:00 AM,District 25,Zoom,"Seattle, WA, USA",Seattle,"Open, Big Book, Discussion",Zoom ID: 823 5635 9652 (no passcode),https://zoom.us/j/82356359652,"47.73417,-122.22443,47.49191,-122.4597",halfway-through-group-2,12/21/2023
I Am Responsible,Wednesday,10:00 AM,11:00 AM,District 25,Zoom,"Everett, WA, USA",Everett,"Open, Women",Meeting ID : 895 6241 9254; Passcode: IAR4women,https://us02web.zoom.us/j/89562419254,"48.03666,-121.79451,47.87819,-122.29345",i-am-responsible-2,11/19/2025
I Am Responsible,Saturday,10:00 AM,11:00 AM,District 25,Zoom,"Everett, WA, USA",Everett,"Open, Women",Meeting ID : 895 6241 9254; Passcode: IAR4women,https://us02web.zoom.us/j/89562419254,"48.03666,-121.79451,47.87819,-122.29345",i-am-responsible-3,11/19/2025
Joy of Living,Monday,12:00 PM,1:00 PM,District 25,Zoom,"Issaquah, WA, USA",Issaquah,Open,"Zoom ID: 81259376914, ",https://eastsideaa-org.zoom.us/j/81259376914,"47.57737,-121.98573,47.50915,-122.10047",joy-of-living-1,1/11/2024
Joy of Living,Wednesday,12:00 PM,1:00 PM,District 25,Zoom,"Issaquah, WA, USA",Issaquah,Open,"Zoom ID: 81259376914, ",https://eastsideaa-org.zoom.us/j/81259376914,"47.57737,-121.98573,47.50915,-122.10047",joy-of-living-2,1/11/2024
Joy of Living,Friday,12:00 PM,1:00 PM,District 25,Zoom,"Issaquah, WA, USA",Issaquah,Open,"Zoom ID: 81259376914, ",https://eastsideaa-org.zoom.us/j/81259376914,"47.57737,-121.98573,47.50915,-122.10047",joy-of-living-3,1/11/2024
Let's Do It,Sunday,9:00 AM,10:00 AM,District 25,Zoom,"Bellingham, WA, USA",Bellingham,Open,Zoom ID: 486637631,https://zoom.us/j/486637631,"48.81878,-122.39805,48.68784,-122.52457",lets-do-it-1,1/11/2024
Let's Do It,Monday,9:00 AM,10:00 AM,District 25,Zoom,"Bellingham, WA, USA",Bellingham,Open,Zoom ID: 486637631,https://zoom.us/j/486637631,"48.81878,-122.39805,48.68784,-122.52457",lets-do-it-2,1/11/2024
Let's Do It,Tuesday,9:00 AM,10:00 AM,District 25,Zoom,"Bellingham, WA, USA",Bellingham,Open,Zoom ID: 486637631,https://zoom.us/j/486637631,"48.81878,-122.39805,48.68784,-122.52457",lets-do-it-3,1/11/2024
Let's Do It,Wednesday,9:00 AM,10:00 AM,District 25,Zoom,"Bellingham, WA, USA",Bellingham,Open,Zoom ID: 486637631,https://zoom.us/j/486637631,"48.81878,-122.39805,48.68784,-122.52457",lets-do-it-4,1/11/2024
Let's Do It,Thursday,9:00 AM,10:00 AM,District 25,Zoom,"Bellingham, WA, USA",Bellingham,Open,Zoom ID: 486637631,https://zoom.us/j/486637631,"48.81878,-122.39805,48.68784,-122.52457",lets-do-it-5,1/11/2024
Let's Do It,Friday,9:00 AM,10:00 AM,District 25,Zoom,"Bellingham, WA, USA",Bellingham,Open,Zoom ID: 486637631,https://zoom.us/j/486637631,"48.81878,-122.39805,48.68784,-122.52457",lets-do-it-6,1/11/2024
Let's Do It,Saturday,9:00 AM,10:00 AM,District 25,Zoom,"Bellingham, WA, USA",Bellingham,Open,Zoom ID: 486637631,https://zoom.us/j/486637631,"48.81878,-122.39805,48.68784,-122.52457",lets-do-it-7,1/11/2024
Living Sober Online,Sunday,5:30 PM,6:45 PM,District 25,Zoom,"Seattle, WA, USA",Seattle,"12 Steps & 12 Traditions, Big Book, Living Sober, Open",Zoom ID: 641 284 772 (no passcode),https://us06web.zoom.us/j/641284772,"47.73417,-122.22443,47.49191,-122.4597",living-sober-online-6,12/21/2023
Living Sober Online,Monday,5:30 PM,6:45 PM,District 25,Zoom,"Seattle, WA, USA",Seattle,"12 Steps & 12 Traditions, Big Book, Living Sober, Open",Zoom ID: 641 284 772 (no passcode),https://us06web.zoom.us/j/641284772,"47.73417,-122.22443,47.49191,-122.4597",living-sober-online-7,12/21/2023
Living Sober Online,Tuesday,5:30 PM,6:45 PM,District 25,Zoom,"Seattle, WA, USA",Seattle,"12 Steps & 12 Traditions, Big Book, Living Sober, Open",Zoom ID: 641 284 772 (no passcode),https://us06web.zoom.us/j/641284772,"47.73417,-122.22443,47.49191,-122.4597",living-sober-online,12/21/2023
Living Sober Online,Wednesday,5:30 PM,6:45 PM,District 25,Zoom,"Seattle, WA, USA",Seattle,"12 Steps & 12 Traditions, Big Book, Living Sober, Open",Zoom ID: 641 284 772 (no passcode),https://us06web.zoom.us/j/641284772,"47.73417,-122.22443,47.49191,-122.4597",living-sober-online-2,12/21/2023
Living Sober Online,Thursday,5:30 PM,6:45 PM,District 25,Zoom,"Seattle, WA, USA",Seattle,"12 Steps & 12 Traditions, Big Book, Living Sober, Open",Zoom ID: 641 284 772 (no passcode),https://us06web.zoom.us/j/641284772,"47.73417,-122.22443,47.49191,-122.4597",living-sober-online-3,12/21/2023
Living Sober Online,Friday,5:30 PM,6:45 PM,District 25,Zoom,"Seattle, WA, USA",Seattle,"12 Steps & 12 Traditions, Big Book, Living Sober, Open",Zoom ID: 641 284 772 (no passcode),https://us06web.zoom.us/j/641284772,"47.73417,-122.22443,47.49191,-122.4597",living-sober-online-4,12/21/2023
Living Sober Online,Saturday,5:30 PM,6:45 PM,District 25,Zoom,"Seattle, WA, USA",Seattle,"12 Steps & 12 Traditions, Big Book, Living Sober, Open",Zoom ID: 641 284 772 (no passcode),https://us06web.zoom.us/j/641284772,"47.73417,-122.22443,47.49191,-122.4597",living-sober-online-5,1/5/2024
Nameless Bunch of Drunk International (NBDI),Sunday,7:00 AM,8:00 AM,District 25,Zoom,"Bellevue, WA, USA",Bellevue,"Discussion, Open",Zoom ID: 950 676 929 81 (no passcode),https://zoom.us/j/95067692981,"47.6607,-122.07933,47.53461,-122.22293",nameless-bunch-of-drunk-international-nbdi-1,1/11/2024
Nameless Bunch of Drunk International (NBDI),Sunday,5:30 PM,6:30 PM,District 25,Zoom,"Bellevue, WA, USA",Bellevue,"Big Book, Open",Zoom ID: 950 676 929 81 (no passcode),https://zoom.us/j/95067692981,"47.6607,-122.07933,47.53461,-122.22293",nameless-bunch-of-drunk-international-nbdi-2,1/11/2024
Nameless Bunch of Drunk International (NBDI),Monday,7:00 AM,8:00 AM,District 25,Zoom,"Bellevue, WA, USA",Bellevue,"Discussion, Open",Zoom ID: 950 676 929 81 (no passcode),https://zoom.us/j/95067692981,"47.6607,-122.07933,47.53461,-122.22293",nameless-bunch-of-drunk-international-nbdi-3,1/11/2024
Nameless Bunch of Drunk International (NBDI),Monday,5:30 PM,6:30 PM,District 25,Zoom,"Bellevue, WA, USA",Bellevue,"12 Steps & 12 Traditions, Open",Zoom ID: 950 676 929 81 (no passcode),https://zoom.us/j/95067692981,"47.6607,-122.07933,47.53461,-122.22293",nameless-bunch-of-drunk-international-nbdi-4,1/11/2024
Nameless Bunch of Drunk International (NBDI),Tuesday,7:00 AM,8:00 AM,District 25,Zoom,"Bellevue, WA, USA",Bellevue,"Discussion, Open",Zoom ID: 950 676 929 81 (no passcode),https://zoom.us/j/95067692981,"47.6607,-122.07933,47.53461,-122.22293",nameless-bunch-of-drunk-international-nbdi-5,1/11/2024
Nameless Bunch of Drunk International (NBDI),Tuesday,5:30 PM,6:30 PM,District 25,Zoom,"Bellevue, WA, USA",Bellevue,"Discussion, Open",Zoom ID: 950 676 929 81 (no passcode),https://zoom.us/j/95067692981,"47.6607,-122.07933,47.53461,-122.22293",nameless-bunch-of-drunk-international-nbdi-6,1/11/2024
Nameless Bunch of Drunk International (NBDI),Wednesday,7:00 AM,8:00 AM,District 25,Zoom,"Bellevue, WA, USA",Bellevue,"Discussion, Open",Zoom ID: 950 676 929 81 (no passcode),https://zoom.us/j/95067692981,"47.6607,-122.07933,47.53461,-122.22293",nameless-bunch-of-drunk-international-nbdi-7,1/11/2024
Nameless Bunch of Drunk International (NBDI),Wednesday,5:30 PM,6:30 PM,District 25,Zoom,"Bellevue, WA, USA",Bellevue,"Discussion, Open",Zoom ID: 950 676 929 81 (no passcode),https://zoom.us/j/95067692981,"47.6607,-122.07933,47.53461,-122.22293",nameless-bunch-of-drunk-international-nbdi-8,1/11/2024
Nameless Bunch of Drunk International (NBDI),Thursday,7:00 AM,8:00 AM,District 25,Zoom,"Bellevue, WA, USA",Bellevue,"Discussion, Open",Zoom ID: 950 676 929 81 (no passcode),https://zoom.us/j/95067692981,"47.6607,-122.07933,47.53461,-122.22293",nameless-bunch-of-drunk-international-nbdi-9,1/11/2024
Nameless Bunch of Drunk International (NBDI),Thursday,5:30 PM,6:30 PM,District 25,Zoom,"Bellevue, WA, USA",Bellevue,"Discussion, Open",Zoom ID: 950 676 929 81 (no passcode),https://zoom.us/j/95067692981,"47.6607,-122.07933,47.53461,-122.22293",nameless-bunch-of-drunk-international-nbdi-10,1/11/2024
Nameless Bunch of Drunk International (NBDI),Friday,7:00 AM,8:00 AM,District 25,Zoom,"Bellevue, WA, USA",Bellevue,"Discussion, Open",Zoom ID: 950 676 929 81 (no passcode),https://zoom.us/j/95067692981,"47.6607,-122.07933,47.53461,-122.22293",nameless-bunch-of-drunk-international-nbdi-11,1/11/2024
Nameless Bunch of Drunk International (NBDI),Friday,5:30 PM,6:30 PM,District 25,Zoom,"Bellevue, WA, USA",Bellevue,"Discussion, Open",Zoom ID: 950 676 929 81 (no passcode),https://zoom.us/j/95067692981,"47.6607,-122.07933,47.53461,-122.22293",nameless-bunch-of-drunk-international-nbdi-12,1/11/2024
Nameless Bunch of Drunk International (NBDI),Saturday,7:00 AM,8:00 AM,District 25,Zoom,"Bellevue, WA, USA",Bellevue,"Discussion, Open",Zoom ID: 950 676 929 81 (no passcode),https://zoom.us/j/95067692981,"47.6607,-122.07933,47.53461,-122.22293",nameless-bunch-of-drunk-international-nbdi-13,1/11/2024
Nameless Bunch of Drunk International (NBDI),Saturday,5:30 PM,6:30 PM,District 25,Zoom,"Bellevue, WA, USA",Bellevue,"Discussion, Open",Zoom ID: 950 676 929 81 (no passcode),https://zoom.us/j/95067692981,"47.6607,-122.07933,47.53461,-122.22293",nameless-bunch-of-drunk-international-nbdi-14,1/11/2024
NightCap,Sunday,10:00 PM,11:15 PM,District 25,Zoom,"Seattle, WA, USA",Seattle,Speaker,"Zoom ID: 4643088229, Passcode: 654321",https://zoom.us/j/4643088229,,night-cap-zoom-1,1/25/2024
NightCap,Monday,10:00 PM,11:15 PM,District 25,Zoom,"Seattle, WA, USA",Seattle,Open,"Zoom ID: 4643088229, Passcode: 654321",https://zoom.us/j/4643088229,,night-cap-zoom-2,1/21/2024
NightCap,Tuesday,10:00 PM,11:15 PM,District 25,Zoom,"Seattle, WA, USA",Seattle,Open,"Zoom ID: 4643088229, Passcode: 654321",https://zoom.us/j/4643088229,,night-cap-zoom-3,1/21/2024
NightCap,Wednesday,10:00 PM,11:15 PM,District 25,Zoom,"Seattle, WA, USA",Seattle,Open,"Zoom ID: 4643088229, Passcode: 654321",https://zoom.us/j/4643088229,,night-cap-zoom-8,1/25/2024
NightCap,Thursday,12:00 PM,1:00 PM,District 25,Zoom,"Seattle, WA, USA",Seattle,Women,"Zoom ID: 4643088229, Passcode: 654321",https://zoom.us/j/4643088229,,night-cap-zoom-4,1/25/2024
NightCap,Thursday,10:00 PM,11:15 PM,District 25,Zoom,"Seattle, WA, USA",Seattle,Open,"Zoom ID: 4643088229, Passcode: 654321",https://zoom.us/j/4643088229,,night-cap-zoom-5,1/21/2024
NightCap,Friday,10:00 PM,11:15 PM,District 25,Zoom,"Seattle, WA, USA",Seattle,Open,"Zoom ID: 4643088229, Passcode: 654321",https://zoom.us/j/4643088229,,night-cap-zoom-6,1/21/2024
NightCap,Saturday,10:00 PM,11:15 PM,District 25,Zoom,"Seattle, WA, USA",Seattle,Open,"Zoom ID: 4643088229, Passcode: 654321",https://zoom.us/j/4643088229,,night-cap-zoom-7,1/21/2024
Noonaroos,Sunday,12:00 PM,1:00 PM,District 25,Zoom,"Seattle, WA, USA",Seattle,Open,Zoom ID: 96716694020,https://us06web.zoom.us/j/96716694020,"47.73417,-122.22443,47.49191,-122.4597",noonaroos-1,1/11/2024
Noonaroos,Monday,12:00 PM,1:00 PM,District 25,Zoom,"Seattle, WA, USA",Seattle,Open,Zoom ID: 96716694020,https://us06web.zoom.us/j/96716694020,"47.73417,-122.22443,47.49191,-122.4597",noonaroos-2,1/11/2024
Noonaroos,Tuesday,12:00 PM,1:00 PM,District 25,Zoom,"Seattle, WA, USA",Seattle,Open,Zoom ID: 96716694020,https://us06web.zoom.us/j/96716694020,"47.73417,-122.22443,47.49191,-122.4597",noonaroos-3,1/11/2024
Noonaroos,Wednesday,12:00 PM,1:00 PM,District 25,Zoom,"Seattle, WA, USA",Seattle,Open,Zoom ID: 96716694020,https://us06web.zoom.us/j/96716694020,"47.73417,-122.22443,47.49191,-122.4597",noonaroos-4,1/11/2024
Noonaroos,Thursday,12:00 PM,1:00 PM,District 25,Zoom,"Seattle, WA, USA",Seattle,Open,Zoom ID: 96716694020,https://us06web.zoom.us/j/96716694020,"47.73417,-122.22443,47.49191,-122.4597",noonaroos-5,1/11/2024
Noonaroos,Friday,12:00 PM,1:00 PM,District 25,Zoom,"Seattle, WA, USA",Seattle,Open,Zoom ID: 96716694020,https://us06web.zoom.us/j/96716694020,"47.73417,-122.22443,47.49191,-122.4597",noonaroos-6,1/11/2024
Noonaroos,Saturday,12:00 PM,1:00 PM,District 25,Zoom,"Seattle, WA, USA",Seattle,Open,Zoom ID: 96716694020,https://us06web.zoom.us/j/96716694020,"47.73417,-122.22443,47.49191,-122.4597",noonaroos-7,1/29/2024
Oasis Zoom,Thursday,10:00 AM,11:00 AM,District 25,Zoom,"Olympia, WA, USA",Olympia,Open,"Meeting ID: 452 311 923, Passcode: 62747",https://zoom.us/j/452311923,"47.07809,-122.82314,47.00058,-122.9646",zoom-oasis,5/30/2024
On Awakening,Saturday,7:00 AM,8:00 AM,District 25,Zoom,"Olympia, WA, USA",Olympia,Open,"Zoom ID: 392428488, Passcode: 101112",https://us02web.zoom.us/j/392428488,"47.07809,-122.82314,47.00058,-122.9646",on-awakening,1/31/2024
Online Surrender at Seven ,Tuesday,7:00 PM,8:00 PM,District 25,Zoom,"Seattle, WA, USA",Seattle,"Big Book, Women",Zoom ID: 5587987959,https://us02web.zoom.us/j/5587987959,"47.73417,-122.22443,47.49191,-122.4597",online-surrender-at-seven-women,11/19/2025
Practice These Priniciples Fourth Dimension,Sunday,7:00 AM,8:00 AM,District 25,Zoom,"Seattle, WA, USA",Seattle,Closed,Zoom ID:2612052842,https://zoom.us/j/2612052842,,practice-these-priniciples-fourth-dimension,1/9/2025
Practice These Priniciples Fourth Dimension,Monday,7:00 AM,8:00 AM,District 25,Zoom,"Seattle, WA, USA",Seattle,Closed,Zoom ID:2612052842,https://zoom.us/j/2612052842,,practice-these-priniciples-fourth-dimension-1,1/9/2025
Practice These Priniciples Fourth Dimension,Tuesday,7:00 AM,8:00 AM,District 25,Zoom,"Seattle, WA, USA",Seattle,Closed,Zoom ID:2612052842,https://zoom.us/j/2612052842,,practice-these-priniciples-fourth-dimension-2,1/9/2025
Practice These Priniciples Fourth Dimension,Wednesday,7:00 AM,8:00 AM,District 25,Zoom,"Seattle, WA, USA",Seattle,Closed,Zoom ID:2612052842,https://zoom.us/j/2612052842,,practice-these-priniciples-fourth-dimension-3,1/9/2025
Practice These Priniciples Fourth Dimension,Thursday,7:00 AM,8:00 AM,District 25,Zoom,"Seattle, WA, USA",Seattle,Closed,Zoom ID:2612052842,https://zoom.us/j/2612052842,,practice-these-priniciples-fourth-dimension-4,1/9/2025
Practice These Priniciples Fourth Dimension,Friday,7:00 AM,8:00 AM,District 25,Zoom,"Seattle, WA, USA",Seattle,Closed,Zoom ID:2612052842,https://zoom.us/j/2612052842,,practice-these-priniciples-fourth-dimension-5,1/9/2025
Practice These Priniciples Fourth Dimension,Saturday,7:00 AM,8:00 AM,District 25,Zoom,"Seattle, WA, USA",Seattle,Closed,Zoom ID:2612052842,https://zoom.us/j/2612052842,,practice-these-priniciples-fourth-dimension-6,1/9/2025
Resentment and A Coffee Pot,Saturday,6:30 PM,7:30 PM,District 25,Zoom,"Seattle, WA, USA",Seattle,Open,"Zoom ID: 81010735366, Passcode: RAACP",https://us04web.zoom.us/j/81010735366,,a-resentment-and-a-coffee-pot,9/11/2024
Saturday Literature Study,Saturday,3:00 PM,4:00 PM,District 25,Zoom,"Seattle, WA, USA",Seattle,"Literature, Open",Zoom ID: 863 4522 6685; Passcode: serenity,https://us02web.zoom.us/j/86345226685?pwd=bHVncDdaWkdaZmZaczFEbkZqSk91Zz09,"47.73417,-122.22443,47.49191,-122.4597",saturday-literature-study,12/21/2025
Saturday Sisters Womens Meeting,Saturday,8:00 AM,9:00 AM,,Zoom,"Seattle, WA, USA",Seattle,"Open, Women","Zoom ID: 862 0531 3911, Passcode: 448816",https://us02web.zoom.us/j/86205313911,,ssaturday-sisters-womens-meeting,10/9/2024
Serenity Break Online,Monday,12:00 PM,1:00 PM,District 25,Zoom,"Bellevue, WA, USA",Bellevue,Open,"Zoom ID: 644130242, Passcode: 615157",https://us02web.zoom.us/j/4511739751?pwd=THQwWnF0NFd3RlpiZzRWNWgyRXRvUT09,"47.6607,-122.07933,47.53461,-122.22293",serenity-break-online-1,1/11/2024
Serenity Break Online,Tuesday,12:00 PM,1:00 PM,District 25,Zoom,"Bellevue, WA, USA",Bellevue,Open,"Zoom ID: 644130242, Passcode: 615157",https://us02web.zoom.us/j/4511739751?pwd=THQwWnF0NFd3RlpiZzRWNWgyRXRvUT09,"47.6607,-122.07933,47.53461,-122.22293",serenity-break-online-2,1/11/2024
Serenity Break Online,Wednesday,12:00 PM,1:00 PM,District 25,Zoom,"Bellevue, WA, USA",Bellevue,"Men, Open","Zoom ID: 5703476090, Passcode: 79048",https://us02web.zoom.us/j/5703476090?pwd=a2FSQTZHUGhjbVR6cWdNU0c4OG0xZz09,"47.6607,-122.07933,47.53461,-122.22293",serenity-break-online-3,1/11/2024
Serenity Break Online,Wednesday,12:00 PM,1:00 PM,District 25,Zoom,"Bellevue, WA, USA",Bellevue,"Open, Women","Zoom ID: 9205195225, Passcode: 530530",https://us02web.zoom.us/j/9205195225?pwd=aDN1c1ZWQTBuREUrdEt4RXhkUXRsQT09,"47.6607,-122.07933,47.53461,-122.22293",serenity-break-online-4,1/11/2024
Serenity Break Online,Thursday,12:00 PM,1:00 PM,District 25,Zoom,"Bellevue, WA, USA",Bellevue,Open,"Zoom ID: 644130242, Passcode: 615157",https://us02web.zoom.us/j/4511739751?pwd=THQwWnF0NFd3RlpiZzRWNWgyRXRvUT09,"47.6607,-122.07933,47.53461,-122.22293",serenity-break-online-5,1/11/2024
Serenity Break Online,Friday,12:00 PM,1:00 PM,District 25,Zoom,"Bellevue, WA, USA",Bellevue,Open,"Zoom ID: 644130242, Passcode: 615157",https://us02web.zoom.us/j/4511739751?pwd=THQwWnF0NFd3RlpiZzRWNWgyRXRvUT09,"47.6607,-122.07933,47.53461,-122.22293",serenity-break-online-6,1/8/2025
Serenity Break Online,Saturday,9:00 AM,10:00 AM,District 25,Zoom,"Bellevue, WA, USA",Bellevue,Open,"Zoom ID: 644130242, Passcode: 615157",https://us02web.zoom.us/j/4511739751?pwd=THQwWnF0NFd3RlpiZzRWNWgyRXRvUT09,"47.6607,-122.07933,47.53461,-122.22293",serenity-break-online-7,1/8/2025
Shop Group at Large,Monday,7:00 PM,8:15 PM,District 25,Zoom,"Tacoma, WA, USA",Tacoma,Open,"Zoom ID:847132448,Passcode:005010",https://us02web.zoom.us/j/847132448,"47.33208,-122.34838,47.16681,-122.56544",shop-group-at-large,1/9/2025
Shop Group at Large,Tuesday,7:00 PM,8:15 PM,District 25,Zoom,"Tacoma, WA, USA",Tacoma,Women,"Zoom ID:847132448,Passcode:005010",https://us02web.zoom.us/j/847132448,"47.33208,-122.34838,47.16681,-122.56544",shop-group-at-large-1,1/8/2025
Shop Group at Large,Thursday,7:00 PM,8:15 PM,District 25,Zoom,"Tacoma, WA, USA",Tacoma,Open,"Zoom ID:847132448,Passcode:005010",https://us02web.zoom.us/j/847132448,"47.33208,-122.34838,47.16681,-122.56544",shop-group-at-large-2,1/8/2025
Shivering Denizens - Daily Steps,Sunday,6:00 AM,7:00 AM,District 25,Zoom,"Bremerton, WA, USA",Bremerton,"12 Steps & 12 Traditions, Open",Zoom ID: 872 329 5052; Passcode: 151,https://us02web.zoom.us/j/87232950952,"47.6069,-122.60216,47.50173,-122.80458",shivering-denizens-daily-steps-7,12/21/2023
Shivering Denizens - Daily Steps,Monday,6:00 AM,7:00 AM,District 25,Zoom,"Bremerton, WA, USA",Bremerton,"12 Steps & 12 Traditions, Open",Zoom ID: 872 329 5052; Passcode: 151,https://us02web.zoom.us/j/87232950952,"47.6069,-122.60216,47.50173,-122.80458",shivering-denizens-daily-steps,12/21/2023
Shivering Denizens - Daily Steps,Tuesday,6:00 AM,7:00 AM,District 25,Zoom,"Bremerton, WA, USA",Bremerton,"12 Steps & 12 Traditions, Open",Zoom ID: 872 329 5052; Passcode: 151,https://us02web.zoom.us/j/87232950952,"47.6069,-122.60216,47.50173,-122.80458",shivering-denizens-daily-steps-2,12/21/2023
Shivering Denizens - Daily Steps,Wednesday,6:00 AM,7:00 AM,District 25,Zoom,"Bremerton, WA, USA",Bremerton,"12 Steps & 12 Traditions, Open",Zoom ID: 872 329 5052; Passcode: 151,https://us02web.zoom.us/j/87232950952,"47.6069,-122.60216,47.50173,-122.80458",shivering-denizens-daily-steps-3,12/21/2023
Shivering Denizens - Daily Steps,Thursday,6:00 AM,7:00 AM,District 25,Zoom,"Bremerton, WA, USA",Bremerton,"12 Steps & 12 Traditions, Open",Zoom ID: 872 329 5052; Passcode: 151,https://us02web.zoom.us/j/87232950952,"47.6069,-122.60216,47.50173,-122.80458",shivering-denizens-daily-steps-4,12/21/2023
Shivering Denizens - Daily Steps,Friday,6:00 AM,7:00 AM,District 25,Zoom,"Bremerton, WA, USA",Bremerton,"12 Steps & 12 Traditions, Open",Zoom ID: 872 329 5052; Passcode: 151,https://us02web.zoom.us/j/87232950952,"47.6069,-122.60216,47.50173,-122.80458",shivering-denizens-daily-steps-5,12/21/2023
Shivering Denizens - Daily Steps,Saturday,6:00 AM,7:00 AM,District 25,Zoom,"Bremerton, WA, USA",Bremerton,"12 Steps & 12 Traditions, Open",Zoom ID: 872 329 5052; Passcode: 151,https://us02web.zoom.us/j/87232950952,"47.6069,-122.60216,47.50173,-122.80458",shivering-denizens-daily-steps-6,5/16/2024
Simplicity Meeting,Sunday,10:00 AM,11:00 AM,District 25,Zoom,"Seattle, WA, USA",Seattle,Daily Reflections,zoom ID: 528 344 085; passcode: 11121934,https://us02web.zoom.us/j/528344085,,simplicity-meeting-1,5/20/2024
Simplicity Meeting,Tuesday,10:00 AM,11:00 AM,District 25,Zoom,"Seattle, WA, USA",Seattle,Daily Reflections,zoom ID: 528 344 085; passcode: 11121934,https://us02web.zoom.us/j/528344085,,simplicity-meeting-2,5/20/2024
Simplicity Meeting,Wednesday,10:00 AM,11:00 AM,District 25,Zoom,"Seattle, WA, USA",Seattle,Daily Reflections,zoom ID: 528 344 085; passcode: 11121934,https://us02web.zoom.us/j/528344085,,simplicity-meeting-3,5/20/2024
Simplicity Meeting,Thursday,10:00 AM,11:00 AM,District 25,Zoom,"Seattle, WA, USA",Seattle,Daily Reflections,zoom ID: 528 344 085; passcode: 11121934,https://us02web.zoom.us/j/528344085,,simplicity-meeting-4,5/20/2024
Simplicity Meeting,Friday,10:00 AM,11:00 AM,District 25,Zoom,"Seattle, WA, USA",Seattle,Daily Reflections,zoom ID: 528 344 085; passcode: 11121934,https://us02web.zoom.us/j/528344085,,simplicity-meeting-5,5/20/2024
Sober Start,Tuesday,7:00 AM,8:00 AM,District 25,Zoom,"Orcas Island, Washington, USA",Orcas Island,Closed,"Zoom ID: 9084782004, PC: call 360-376-4522 for passcode, https://www.orcasislandaa.org/meetings/",https://us02web.zoom.us/j/9084782004#success,"48.7147,-122.74178,48.58836,-123.03067",sober-start,5/16/2024
Sobriety at Week's End,Friday,5:30 PM,6:30 PM,District 25,Zoom,"Seattle, WA, USA",Seattle,"Literature, Women",Zoom ID: 4870391255,https://us02web.zoom.us/j/4870391255,,sobriety-at-weeks-end,8/17/2024
Southside Nationwide International,Sunday,5:30 PM,6:30 PM,District 25,Zoom,"Seattle, WA, USA",Seattle,Closed,Zoom  ID: 341942513,https://us02web.zoom.us/j/341942513,,southside-nationwide,5/16/2024
Southside Nationwide International,Monday,5:30 PM,6:30 PM,District 25,Zoom,"Seattle, WA, USA",Seattle,Closed,Zoom  ID: 341942513,https://us02web.zoom.us/j/341942513,,southside-nationwide-2,1/23/2024
Southside Nationwide International,Tuesday,5:30 PM,6:30 PM,District 25,Zoom,"Seattle, WA, USA",Seattle,Closed,Zoom  ID: 341942513,https://us02web.zoom.us/j/341942513,,southside-nationwide-3,1/23/2024
Southside Nationwide International,Wednesday,5:30 PM,6:30 PM,District 25,Zoom,"Seattle, WA, USA",Seattle,Closed,Zoom  ID: 341942513,https://us02web.zoom.us/j/341942513,,southside-nationwide-4,1/23/2024
Southside Nationwide International,Thursday,5:30 PM,6:30 PM,District 25,Zoom,"Seattle, WA, USA",Seattle,Closed,Zoom  ID: 341942513,https://us02web.zoom.us/j/341942513,,southside-nationwide-5,1/23/2024
Southside Nationwide International,Friday,5:30 PM,6:30 PM,District 25,Zoom,"Seattle, WA, USA",Seattle,Closed,Zoom  ID: 341942513,https://us02web.zoom.us/j/341942513,,southside-nationwide-6,1/23/2024
Southside Nationwide International,Saturday,5:30 PM,6:30 PM,District 25,Zoom,"Seattle, WA, USA",Seattle,Closed,Zoom  ID: 341942513,https://us02web.zoom.us/j/341942513,"47.73528,-122.21982,47.48215,-122.45977",southside-nationwide-7,2/15/2025
Spiritual Awakening Group,Wednesday,9:00 AM,10:00 AM,District 25,Zoom,"Seattle, WA, USA",Seattle,Closed,Zoom ID: 73923582283,https://us02web.zoom.us/j/73923582283,,spiritual-awakening-group,2/15/2025
Spiritual Awakening Group,Saturday,12:00 AM,1:00 AM,District 25,Zoom,"Seattle, WA, USA",Seattle,Closed,Zoom ID: 73923582283,https://us02web.zoom.us/j/73923582283,,spiritual-awakening-group-1,2/15/2025
The 4th Dimension,Monday,7:00 PM,8:00 PM,District 25,Zoom,"Chehalis, WA 98532, USA",Chehalis,"Discussion, Open",Zoom ID: 810 6816 4867 (no passcode),https://us06web.zoom.us/j/81068164867,"46.69447,-122.9295,46.63377,-122.99761",the-4th-dimension,1/21/2024
The 4th Dimension,Wednesday,7:00 PM,8:00 PM,District 25,Zoom,"Chehalis, WA 98532, USA",Chehalis,"Discussion, Open",Zoom ID: 810 6816 4867 (no passcode),https://us06web.zoom.us/j/81068164867,"46.69447,-122.9295,46.63377,-122.99761",the-4th-dimension-2,12/21/2023
The 4th Dimension,Friday,7:00 PM,8:00 PM,District 25,Zoom,"Chehalis, WA 98532, USA",Chehalis,"Discussion,  Open",Zoom ID: 810 6816 4867 (no passcode),https://us06web.zoom.us/j/81068164867,"46.69447,-122.9295,46.63377,-122.99761",the-4th-dimension-3,1/5/2024
The Meeker Group,Sunday,6:00 AM,7:00 AM,District 25,Zoom,"Puyallup, WA, USA",Puyallup,Open,"Zoom ID: 128880885, PC: Meeker207",https://us02web.zoom.us/j/128880885,"47.22056,-122.23481,47.14739,-122.33789",the-meeker-group,11/15/2024
The Meeker Group,Sunday,6:00 PM,7:00 PM,District 25,Zoom,"Puyallup, WA, USA",Puyallup,Open,"Zoom ID: 128880885, PC: Meeker207",https://us02web.zoom.us/j/128880885,"47.01754,-124.10316,46.92639,-124.18018",the-meeker-group-2,1/20/2024
The Meeker Group,Monday,6:00 AM,7:00 AM,District 25,Zoom,"Puyallup, WA, USA",Puyallup,Open,"Zoom ID: 128880885, PC: Meeker207",https://us02web.zoom.us/j/128880885,"47.01754,-124.10316,46.92639,-124.18018",the-meeker-group-3,1/20/2024
The Meeker Group,Monday,6:00 PM,7:00 PM,District 25,Zoom,"Puyallup, WA, USA",Puyallup,Open,"Zoom ID: 128880885, PC: Meeker207",https://us02web.zoom.us/j/128880885,"47.01754,-124.10316,46.92639,-124.18018",the-meeker-group-5,1/20/2024
The Meeker Group,Tuesday,6:00 AM,7:00 AM,District 25,Zoom,"Puyallup, WA, USA",Puyallup,Open,"Zoom ID: 128880885, PC: Meeker207",https://us02web.zoom.us/j/128880885,"47.01754,-124.10316,46.92639,-124.18018",the-meeker-group-6,1/20/2024
The Meeker Group,Tuesday,6:00 PM,7:00 PM,District 25,Zoom,"Puyallup, WA, USA",Puyallup,Open,"Zoom ID: 128880885, PC: Meeker207",https://us02web.zoom.us/j/128880885,"47.01754,-124.10316,46.92639,-124.18018",the-meeker-group-8,1/20/2024
The Meeker Group,Wednesday,6:00 AM,7:00 AM,District 25,Zoom,"Puyallup, WA, USA",Puyallup,Open,"Zoom ID: 128880885, PC: Meeker207",https://us02web.zoom.us/j/128880885,"47.01754,-124.10316,46.92639,-124.18018",the-meeker-group-9,1/20/2024
The Meeker Group,Wednesday,6:00 PM,7:00 PM,District 25,Zoom,"Puyallup, WA, USA",Puyallup,Open,"Zoom ID: 128880885, PC: Meeker207",https://us02web.zoom.us/j/128880885,"47.01754,-124.10316,46.92639,-124.18018",the-meeker-group-11,1/20/2024
The Meeker Group,Thursday,6:00 AM,7:00 AM,District 25,Zoom,"Puyallup, WA, USA",Puyallup,Open,"Zoom ID: 128880885, PC: Meeker207",https://us02web.zoom.us/j/128880885,"47.01754,-124.10316,46.92639,-124.18018",the-meeker-group-12,1/20/2024
The Meeker Group,Thursday,6:00 PM,7:00 PM,District 25,Zoom,"Puyallup, WA, USA",Puyallup,Open,"Zoom ID: 128880885, PC: Meeker207",https://us02web.zoom.us/j/128880885,"47.01754,-124.10316,46.92639,-124.18018",the-meeker-group-14,1/20/2024
The Meeker Group,Friday,6:00 AM,7:00 AM,District 25,Zoom,"Puyallup, WA, USA",Puyallup,Open,"Zoom ID: 128880885, PC: Meeker207",https://us02web.zoom.us/j/128880885,"47.01754,-124.10316,46.92639,-124.18018",the-meeker-group-15,1/20/2024
The Meeker Group,Friday,6:00 PM,7:00 PM,District 25,Zoom,"Puyallup, WA, USA",Puyallup,Open,"Zoom ID: 128880885, PC: Meeker207",https://us02web.zoom.us/j/128880885,"47.01754,-124.10316,46.92639,-124.18018",the-meeker-group-17,1/20/2024
The Meeker Group,Saturday,6:00 AM,7:00 AM,District 25,Zoom,"Puyallup, WA, USA",Puyallup,Open,"Zoom ID: 128880885, PC: Meeker207",https://us02web.zoom.us/j/128880885,"47.01754,-124.10316,46.92639,-124.18018",the-meeker-group-18,1/20/2024
The Meeker Group,Saturday,8:00 AM,9:00 AM,District 25,Zoom,"Puyallup, WA, USA",Puyallup,"Literature, Women","Zoom ID: 128880885, PC: Meeker207",https://us02web.zoom.us/j/128880885,"47.01754,-124.10316,46.92639,-124.18018",the-meeker-group-19,5/20/2024
The Meeker Group,Saturday,6:00 PM,7:00 PM,District 25,Zoom,"Puyallup, WA, USA",Puyallup,Open,"Zoom ID: 128880885, PC: Meeker207",https://us02web.zoom.us/j/128880885,"47.01754,-124.10316,46.92639,-124.18018",the-meeker-group-20,1/20/2024
There Is A Solution,Sunday,8:00 PM,9:15 PM,District 25,Zoom,"Seattle, WA, USA",Seattle,Open,"Zoom ID: 251046515, Passcode: 031509",https://us02web.zoom.us/j/251046515?pwd=aEJEWWxkY21sMHd6QmNtMFNOdWlCdz09,"47.73417,-122.22443,47.49191,-122.4597",there-is-a-solution-1,1/16/2024
There Is A Solution,Monday,8:00 PM,9:15 PM,District 25,Zoom,"Seattle, WA, USA",Seattle,Open,"Zoom ID: 251046515, Passcode: 031509",https://us02web.zoom.us/j/251046515?pwd=aEJEWWxkY21sMHd6QmNtMFNOdWlCdz09,"47.73417,-122.22443,47.49191,-122.4597",there-is-a-solution-2,11/23/2025
There Is A Solution,Tuesday,8:00 PM,9:15 PM,District 25,Zoom,"Seattle, WA, USA",Seattle,Open,"Zoom ID: 251046515, Passcode: 031509",https://us02web.zoom.us/j/251046515?pwd=aEJEWWxkY21sMHd6QmNtMFNOdWlCdz09,"47.73417,-122.22443,47.49191,-122.4597",there-is-a-solution-3,11/23/2025
There Is A Solution,Wednesday,8:00 PM,9:15 PM,District 25,Zoom,"Seattle, WA, USA",Seattle,Open,"Zoom ID: 251046515, Passcode: 031509",https://us02web.zoom.us/j/251046515?pwd=aEJEWWxkY21sMHd6QmNtMFNOdWlCdz09,"47.73417,-122.22443,47.49191,-122.4597",there-is-a-solution-4,1/11/2024
There Is A Solution,Thursday,8:00 PM,9:15 PM,District 25,Zoom,"Seattle, WA, USA",Seattle,Open,"Zoom ID: 251046515, Passcode: 031509",https://us02web.zoom.us/j/251046515?pwd=aEJEWWxkY21sMHd6QmNtMFNOdWlCdz09,"47.73417,-122.22443,47.49191,-122.4597",there-is-a-solution-5,1/11/2024
There Is A Solution,Friday,8:00 PM,9:15 PM,District 25,Zoom,"Seattle, WA, USA",Seattle,Open,"Zoom ID: 251046515, Passcode: 031509",https://us02web.zoom.us/j/251046515?pwd=aEJEWWxkY21sMHd6QmNtMFNOdWlCdz09,"47.73417,-122.22443,47.49191,-122.4597",there-is-a-solution-6,1/11/2024
There Is A Solution,Saturday,8:00 PM,9:15 PM,District 25,Zoom,"Seattle, WA, USA",Seattle,Open,"Zoom ID: 251046515, Passcode: 031509",https://us02web.zoom.us/j/251046515?pwd=aEJEWWxkY21sMHd6QmNtMFNOdWlCdz09,"47.73417,-122.22443,47.49191,-122.4597",there-is-a-solution-7,1/11/2024
There is A Solution Online,Monday,7:30 PM,8:30 PM,District 25,Zoom,"Woodinville, WA, USA",Woodenville,Closed,"Zoom ID: 85205215508, Passcode: 757250",https://us02web.zoom.us/j/85205215508?pwd=R3p1QVM2QzhXNnVwUy83TUdEV3ZUdz09,"47.77632,-122.11078,47.72487,-122.17579",there-is-a-solution-online,1/5/2024
Transgender Nonbinary Intersex Folks & Friends,Sunday,10:00 AM,11:00.AM,District 25,Zoom,"Seattle, WA, USA",Seattle,"Closed, LGBTQ","Zoom ID: 81050440792, Please also note that individuals who would like to attend should email transnonbinaryintersexaa@gmail.com",https://us02web.zoom.us/j/81050440792,"47.73417,-122.22443,47.49191,-122.4597",transgender-nonbinary-intersex-folks-friends,1/5/2024
Wake Up Group,Sunday,6:00 AM,7:00 AM,District 25,Zoom,"Bellevue, WA, USA",Bellevue,Open,"Zoom ID: 82375395998, Passcode: 925387",https://us02web.zoom.us/j/82375395998?pwd=MmRjcWpTbzdaZDZuSkZ4Yy9xZ0o1dz10,"47.6607,-122.07933,47.53461,-122.22293",wake-up-group-1,1/11/2024
Wake Up Group,Monday,6:00 AM,7:00 AM,District 25,Zoom,"Bellevue, WA, USA",Bellevue,Open,"Zoom ID: 82375395998, Passcode: 925387",https://us02web.zoom.us/j/82375395998?pwd=MmRjcWpTbzdaZDZuSkZ4Yy9xZ0o1dz10,"47.6607,-122.07933,47.53461,-122.22293",wake-up-group-2,1/11/2024
Wake Up Group,Tuesday,6:00 AM,7:00 AM,District 25,Zoom,"Bellevue, WA, USA",Bellevue,Open,"Zoom ID: 82375395998, Passcode: 925387",https://us02web.zoom.us/j/82375395998?pwd=MmRjcWpTbzdaZDZuSkZ4Yy9xZ0o1dz10,"47.6607,-122.07933,47.53461,-122.22293",wake-up-group-3,1/11/2024
Wake Up Group,Wednesday,6:00 AM,7:00 AM,District 25,Zoom,"Bellevue, WA, USA",Bellevue,Open,"Zoom ID: 82375395998, Passcode: 925387",https://us02web.zoom.us/j/82375395998?pwd=MmRjcWpTbzdaZDZuSkZ4Yy9xZ0o1dz10,"47.6607,-122.07933,47.53461,-122.22293",wake-up-group-4,1/11/2024
Wake Up Group,Thursday,6:00 AM,7:00 AM,District 25,Zoom,"Bellevue, WA, USA",Bellevue,Open,"Zoom ID: 82375395998, Passcode: 925387",https://us02web.zoom.us/j/82375395998?pwd=MmRjcWpTbzdaZDZuSkZ4Yy9xZ0o1dz10,"47.6607,-122.07933,47.53461,-122.22293",wake-up-group-5,1/11/2024
Wake Up Group,Friday,6:00 AM,7:00 AM,District 25,Zoom,"Bellevue, WA, USA",Bellevue,Open,"Zoom ID: 82375395998, Passcode: 925387",https://us02web.zoom.us/j/82375395998?pwd=MmRjcWpTbzdaZDZuSkZ4Yy9xZ0o1dz10,"47.6607,-122.07933,47.53461,-122.22293",wake-up-group-6,1/11/2024
Wake Up Group,Saturday,6:00 AM,7:00 AM,District 25,Zoom,"Bellevue, WA, USA",Bellevue,Open,"Zoom ID: 82375395998, Passcode: 925387",https://us02web.zoom.us/j/82375395998?pwd=MmRjcWpTbzdaZDZuSkZ4Yy9xZ0o1dz10,"47.6607,-122.07933,47.53461,-122.22293",wake-up-group-7,1/11/2024
We Know Only A Little,Monday,8:00 AM,9:00 AM,District 25,Zoom,"Seattle, WA, USA",Seattle,Daily Reflections,Zoom ID: 3948153021 Passcode:howitworks,https://us02web.zoom.us/j/3948153021?pwd=howitworks,,we-know-only-a-little-1,2/10/2026
We Know Only A Little,Monday,5:00 PM,6:00 PM,District 26,Zoom,"Seattle, WA, USA",Seattle,Grapevine,Zoom ID: 3948153021 Passcode:howitworks,https://us02web.zoom.us/j/3948153021?pwd=howitworks,,we-know-only-a-little-1a,2/10/2026
We Know Only A Little,Tuesday,8:00 AM,9:00 AM,District 25,Zoom,"Seattle, WA, USA",Seattle,Daily Reflections,Zoom ID: 3948153021 Passcode:howitworks,https://us02web.zoom.us/j/3948153021?pwd=howitworks,,we-know-only-a-little-2,2/10/2026
We Know Only A Little,Tuesday,6:00 PM,7:00 PM,District 25,Zoom,"Seattle, WA, USA",Seattle,12 Steps & 12 Traditions,Zoom ID: 3948153021 Passcode:howitworks,https://us02web.zoom.us/j/3948153021?pwd=howitworks,,we-know-only-a-little-2a,2/10/2026
We Know Only A Little,Wednesday,8:00 AM,9:00 AM,District 25,Zoom,"Seattle, WA, USA",Seattle,Daily Reflections,Zoom ID: 3948153021 Passcode:howitworks,https://us02web.zoom.us/j/3948153021?pwd=howitworks,,we-know-only-a-little-3,2/10/2026
We Know Only A Little,Wednesday,5:00 PM,6:00 PM,District 25,Zoom,"Seattle, WA, USA",Seattle,Closed,Zoom ID: 3948153021 Passcode:howitworks,https://us02web.zoom.us/j/3948153021?pwd=howitworks,,we-know-only-a-little-3a,2/10/2026
We Know Only A Little,Thursday,8:00 AM,9:00 AM,District 25,Zoom,"Seattle, WA, USA",Seattle,Daily Reflections,Zoom ID: 3948153021 Passcode:howitworks,https://us02web.zoom.us/j/3948153021?pwd=howitworks,,we-know-only-a-little-4,2/10/2026
We Know Only A Little,Thursday,6:00 PM,7:00 PM,District 25,Zoom,"Seattle, WA, USA",Seattle,Big Book,Zoom ID: 3948153021 Passcode:howitworks,https://us02web.zoom.us/j/3948153021?pwd=howitworks,,we-know-only-a-little-4a,2/10/2026
We Know Only A Little,Friday,8:00 AM,9:00 AM,District 25,Zoom,"Seattle, WA, USA",Seattle,Daily Reflections,Zoom ID: 3948153021 Passcode:howitworks,https://us02web.zoom.us/j/3948153021?pwd=howitworks,,we-know-only-a-little-5,2/10/2026
We Know Only A Little,Friday,5:00 PM,6:00 PM,District 25,Zoom,"Seattle, WA, USA",Seattle,"Closed, Discussion",Zoom ID: 3948153021 Passcode:howitworks,https://us02web.zoom.us/j/3948153021?pwd=howitworks,,we-know-only-a-little-5a,2/10/2026
We Know Only A Little,Saturday,6:00 PM,7:00 PM,District 25,Zoom,"Seattle, WA, USA",Seattle,"Closed, Speaker",Zoom ID: 3948153021 Passcode:howitworks,https://us02web.zoom.us/j/3948153021?pwd=howitworks,,we-know-only-a-little-6,2/10/2026
We Love Sky Valley,Sunday,8:00 AM,9:00 AM,District 25,Zoom,"Snohomish, WA, USA",Snohomish,"English, Open",Meeting ID: 644 130 242; Passcode: 046460,https://us02web.zoom.us/j/644130242,"47.94907,-122.06629,47.9056,-122.12066",wlsv-7,12/21/2023
We Love Sky Valley,Sunday,5:30 PM,6:30 PM,District 25,Zoom,"Snohomish, WA, USA",Snohomish,"English, Open",Meeting ID: 644 130 242; Passcode: 046460,https://us02web.zoom.us/j/644130242,"47.94907,-122.06629,47.9056,-122.12066",wlsv-14,12/21/2023
We Love Sky Valley,Monday,7:00 AM,8:00 AM,District 25,Zoom,"Snohomish, WA, USA",Snohomish,"English, Open",Meeting ID: 644 130 242; Passcode: 046460,https://us02web.zoom.us/j/644130242,"47.94907,-122.06629,47.9056,-122.12066",wlsv-1,12/21/2023
We Love Sky Valley,Monday,5:30 PM,6:30 PM,District 25,Zoom,"Snohomish, WA, USA",Snohomish,"English, Open",Meeting ID: 644 130 242; Passcode: 046460,https://us02web.zoom.us/j/644130242,"47.94907,-122.06629,47.9056,-122.12066",wlsv-8,12/21/2023
We Love Sky Valley,Tuesday,7:00 AM,8:00 AM,District 25,Zoom,"Snohomish, WA, USA",Snohomish,"English, Open",Meeting ID: 644 130 242; Passcode: 046460,https://us02web.zoom.us/j/644130242,"47.94907,-122.06629,47.9056,-122.12066",wlsv-2,12/21/2023
We Love Sky Valley,Tuesday,5:30 PM,6:30 PM,District 25,Zoom,"Snohomish, WA, USA",Snohomish,"English, Open",Meeting ID: 644 130 242; Passcode: 046460,https://us02web.zoom.us/j/644130242,"47.94907,-122.06629,47.9056,-122.12066",wlsv-9,12/21/2023
We Love Sky Valley,Wednesday,7:00 AM,8:00 AM,District 25,Zoom,"Snohomish, WA, USA",Snohomish,"English, Open",Meeting ID: 644 130 242; Passcode: 046460,https://us02web.zoom.us/j/644130242,"47.94907,-122.06629,47.9056,-122.12066",wlsv-3,12/21/2023
We Love Sky Valley,Wednesday,5:30 PM,6:30 PM,District 25,Zoom,"Snohomish, WA, USA",Snohomish,"English, Open",Meeting ID: 644 130 242; Passcode: 046460,https://us02web.zoom.us/j/644130242,"47.94907,-122.06629,47.9056,-122.12066",wlsv-10,12/21/2023
We Love Sky Valley,Thursday,7:00 AM,8:00 AM,District 25,Zoom,"Snohomish, WA, USA",Snohomish,"English, Open",Meeting ID: 644 130 242; Passcode: 046460,https://us02web.zoom.us/j/644130242,"47.94907,-122.06629,47.9056,-122.12066",wlsv-4,12/21/2023
We Love Sky Valley,Thursday,5:30 PM,6:30 PM,District 25,Zoom,"Snohomish, WA, USA",Snohomish,"English, Open",Meeting ID: 644 130 242; Passcode: 046460,https://us02web.zoom.us/j/644130242,"47.94907,-122.06629,47.9056,-122.12066",wlsv-11,12/21/2023
We Love Sky Valley,Friday,7:00 AM,8:00 AM,District 25,Zoom,"Snohomish, WA, USA",Snohomish,"English, Open",Meeting ID: 644 130 242; Passcode: 046460,https://us02web.zoom.us/j/644130242,"47.94907,-122.06629,47.9056,-122.12066",wlsv-5,12/21/2023
We Love Sky Valley,Friday,5:30 PM,6:30 PM,District 25,Zoom,"Snohomish, WA, USA",Snohomish,"English, Open",Meeting ID: 644 130 242; Passcode: 046460,https://us02web.zoom.us/j/644130242,"47.94907,-122.06629,47.9056,-122.12066",wlsv-12,12/21/2023
We Love Sky Valley,Saturday,7:00 AM,8:00 AM,District 25,Zoom,"Snohomish, WA, USA",Snohomish,"English, Open",Meeting ID: 644 130 242; Passcode: 046460,https://us02web.zoom.us/j/644130242,"47.94907,-122.06629,47.9056,-122.12066",wlsv-6,12/21/2023
We Love Sky Valley,Saturday,5:30 PM,6:30 PM,District 25,Zoom,"Snohomish, WA, USA",Snohomish,"English, Open",Meeting ID: 644 130 242; Passcode: 046460,https://us02web.zoom.us/j/644130242,"47.94907,-122.06629,47.9056,-122.12066",wlsv-13,12/21/2023
Women's Daily Supplement,Sunday,9:00 AM,10:00 AM,District 25,Zoom,"Vancouver, WA, USA",Vancouver,"Open, Women",Zoom ID: 89937960058,https://zoom.us/j/89937960058,"45.69769,-122.46457,45.57858,-122.77335",womens-daily-supplement-1,1/11/2024
Women's Daily Supplement,Monday,8:00 AM,9:00 AM,District 25,Zoom,"Vancouver, WA, USA",Vancouver,"Open, Women",Zoom ID: 89937960058,https://zoom.us/j/89937960058,"45.69769,-122.46457,45.57858,-122.77335",womens-daily-supplement-2,1/11/2024
Women's Daily Supplement,Tuesday,8:00 AM,9:00 AM,District 25,Zoom,"Vancouver, WA, USA",Vancouver,"Open, Women",Zoom ID: 89937960058,https://zoom.us/j/89937960058,"45.69769,-122.46457,45.57858,-122.77335",womens-daily-supplement-3,1/11/2024
Women's Daily Supplement,Wednesday,8:00 AM,9:00 AM,District 25,Zoom,"Vancouver, WA, USA",Vancouver,"Open, Women",Zoom ID: 89937960058,https://zoom.us/j/89937960058,"45.69769,-122.46457,45.57858,-122.77335",womens-daily-supplement-4,1/11/2024
Women's Daily Supplement,Thursday,8:00 AM,9:00 AM,District 25,Zoom,"Vancouver, WA, USA",Vancouver,"Open, Women",Zoom ID: 89937960058,https://zoom.us/j/89937960058,"45.69769,-122.46457,45.57858,-122.77335",womens-daily-supplement-5,1/11/2024
Women's Daily Supplement,Friday,8:00 AM,9:00 AM,District 25,Zoom,"Vancouver, WA, USA",Vancouver,"Open, Women",Zoom ID: 89937960058,https://zoom.us/j/89937960058,"45.69769,-122.46457,45.57858,-122.77335",womens-daily-supplement-6,1/11/2024
Women's Daily Supplement,Saturday,9:00 AM,10:00 AM,District 25,Zoom,"Vancouver, WA, USA",Vancouver,"Open, Women",Zoom ID: 89937960058,https://zoom.us/j/89937960058,"45.69769,-122.46457,45.57858,-122.77335",womens-daily-supplement-7,1/11/2024
Women's Early Risers,Sunday,5:30 AM,6:30 AM,District 25,Zoom,"Seattle, WA, USA",Seattle,"English, Open, Women","Meeting ID: 693 062 1667, Passcode: ea$yDoesIt  (that's a capital ""i"")",https://us02web.zoom.us/j/6930621667?pwd=QjlJS2dKVXRxOE1IVmRaVFlodVJ6Zz09,"47.73417,-122.22443,47.49191,-122.4597",werisers-7,12/21/2023
Women's Early Risers,Monday,5:30 AM,6:30 AM,District 25,Zoom,"Seattle, WA, USA",Seattle,"English, Open, Women","Meeting ID: 693 062 1667, Passcode: ea$yDoesIt  (that's a capital ""i"")",https://us02web.zoom.us/j/6930621667?pwd=QjlJS2dKVXRxOE1IVmRaVFlodVJ6Zz09,"47.73417,-122.22443,47.49191,-122.4597",werisers-1,12/21/2023
Women's Early Risers,Tuesday,5:30 AM,6:30 AM,District 25,Zoom,"Seattle, WA, USA",Seattle,"English, Open, Women","Meeting ID: 693 062 1667, Passcode: ea$yDoesIt  (that's a capital ""i"")",https://us02web.zoom.us/j/6930621667?pwd=QjlJS2dKVXRxOE1IVmRaVFlodVJ6Zz09,"47.73417,-122.22443,47.49191,-122.4597",werisers-2,12/21/2023
Women's Early Risers,Wednesday,5:30 AM,6:30 AM,District 25,Zoom,"Seattle, WA, USA",Seattle,"English, Open, Women","Meeting ID: 693 062 1667, Passcode: ea$yDoesIt  (that's a capital ""i"")",https://us02web.zoom.us/j/6930621667?pwd=QjlJS2dKVXRxOE1IVmRaVFlodVJ6Zz09,"47.73417,-122.22443,47.49191,-122.4597",werisers-3,12/21/2023
Women's Early Risers,Thursday,5:30 AM,6:30 AM,District 25,Zoom,"Seattle, WA, USA",Seattle,"English, Open, Women","Meeting ID: 693 062 1667, Passcode: ea$yDoesIt  (that's a capital ""i"")",https://us02web.zoom.us/j/6930621667?pwd=QjlJS2dKVXRxOE1IVmRaVFlodVJ6Zz09,"47.73417,-122.22443,47.49191,-122.4597",werisers-4,12/21/2023
Women's Early Risers,Friday,5:30 AM,6:30 AM,District 25,Zoom,"Seattle, WA, USA",Seattle,"English, Open, Women","Meeting ID: 693 062 1667, Passcode: ea$yDoesIt  (that's a capital ""i"")",https://us02web.zoom.us/j/6930621667?pwd=QjlJS2dKVXRxOE1IVmRaVFlodVJ6Zz09,"47.73417,-122.22443,47.49191,-122.4597",werisers-5,12/21/2023
Women's Early Risers,Saturday,5:30 AM,6:30 AM,District 25,Zoom,"Seattle, WA, USA",Seattle,"English, Open, Women","Meeting ID: 693 062 1667, Passcode: ea$yDoesIt  (that's a capital ""i"")",https://us02web.zoom.us/j/6930621667?pwd=QjlJS2dKVXRxOE1IVmRaVFlodVJ6Zz09,"47.73417,-122.22443,47.49191,-122.4597",werisers-6,12/21/2023
Zoom Oasis,Thursday,10:00 AM,11:00 AM,District 25,Zoom,"Olympia, WA, USA",Olympia,Open,"Meeting ID: 542 311 923, Passcode: 62747",https://zoom.us/j/542311923,"47.07809,-122.82314,47.00058,-122.9646",zoom-oasis,1/12/2026
